Plot,Location,Env,Rep,Block,Genotype,Planting_date,DTF,DTM,PH,LPH
1001,WPR_2022,1,1,1,PI432147,2/1/2022,91,120,29.3,12.3
1002,WPR_2022,1,1,1,PI329169,2/1/2022,87,110,25.3,14.7
1003,WPR_2022,1,1,1,PI472340,2/1/2022,91,110,25.3,5
1004,WPR_2022,1,1,1,PI472320,2/1/2022,78,101,25.3,3.2
1006,WPR_2022,1,1,2,PI298923,2/1/2022,91,122,25,13
1007,WPR_2022,1,1,2,PI432106,2/1/2022,85,122,31.7,18.7
1008,WPR_2022,1,1,2,ILL360,2/1/2022,85,121,28.7,13.3
1009,WPR_2022,1,1,3,PI472354,2/1/2022,77,101,21,4.3
1010,WPR_2022,1,1,3,PI298645,2/1/2022,80,124,27,12.7
1011,WPR_2022,1,1,3,PI432201,2/1/2022,80,123,33.3,15
1012,WPR_2022,1,1,3,PI431756,2/1/2022,91,113,27.3,15.3
1014,WPR_2022,1,1,4,ILL413,2/1/2022,91,122,23.3,12.7
1015,WPR_2022,1,1,4,PI472143,2/1/2022,85,120,28.7,13.3
1016,WPR_2022,1,1,4,PI472488,2/1/2022,77,100,19.7,5.3
1017,WPR_2022,1,1,4,PI472559,2/1/2022,77,100,25,4
1018,WPR_2022,1,1,4,ILL435,2/1/2022,91,121,24.3,11
1019,WPR_2022,1,1,4,PI251032,2/1/2022,80,119,26.3,15
1020,WPR_2022,1,1,4,PI486127,2/1/2022,91,117,30.7,17.7
1021,WPR_2022,1,1,3,PI298357,2/1/2022,87,117,27.7,14.3
1022,WPR_2022,1,1,3,PI518732,2/1/2022,85,117,32.7,14
1023,WPR_2022,1,1,3,PI468901,2/1/2022,82,117,30,11
1024,WPR_2022,1,1,3,ILL217,2/1/2022,89,104,32.7,11.3
1025,WPR_2022,1,1,2,PI472383,2/1/2022,77,105,22,2.5
1026,WPR_2022,1,1,2,PI251784,2/1/2022,89,108,32.7,17.7
1027,WPR_2022,1,1,2,PI432190,2/1/2022,91,123,29.7,18.3
1028,WPR_2022,1,1,2,PI431774,2/1/2022,91,102,29.3,9.7
1029,WPR_2022,1,1,1,ILL906,2/1/2022,87,119,21.7,9
1030,WPR_2022,1,1,1,PI420924,2/1/2022,87,119,32.7,10.2
1031,WPR_2022,1,1,1,PI182217,2/1/2022,91,110,19.3,10
1033,WPR_2022,1,1,1,W627782,2/1/2022,91,99,25,2.8
1034,WPR_2022,1,1,1,PI432002,2/1/2022,91,118,25.3,10
1035,WPR_2022,1,1,1,W627780,2/1/2022,91,98,28.7,6.3
1036,WPR_2022,1,1,1,PI431893,2/1/2022,87,119,27,14.7
1039,WPR_2022,1,1,2,PI472380,2/1/2022,77,98,28.3,5.7
1040,WPR_2022,1,1,2,PI178971,2/1/2022,91,111,24.3,8
1041,WPR_2022,1,1,3,PI251248,2/1/2022,77,103,18.3,3.7
1042,WPR_2022,1,1,3,PI472195,2/1/2022,77,99,19,3
1043,WPR_2022,1,1,3,PI432145,2/1/2022,91,114,22.3,11.3
1044,WPR_2022,1,1,3,PI472213,2/1/2022,77,110,28.3,4.8
1045,WPR_2022,1,1,4,W627758,2/1/2022,85,117,24.7,10
1046,WPR_2022,1,1,4,PI339285,2/1/2022,91,122,24,8
1047,WPR_2022,1,1,4,PI472400,2/1/2022,91,108,21.7,4.7
1048,WPR_2022,1,1,4,PI178939,2/1/2022,87,123,30.3,16.7
1049,WPR_2022,1,1,4,PI207492,2/1/2022,80,108,22.7,8.8
1050,WPR_2022,1,1,4,PI431809,2/1/2022,82,114,28.7,13.3
1051,WPR_2022,1,1,4,PI163589,2/1/2022,87,118,29.7,12.7
1052,WPR_2022,1,1,4,PI426797,2/1/2022,77,104,26,5.3
1053,WPR_2022,1,1,3,PI299207,2/1/2022,77,106,32.7,13.7
1054,WPR_2022,1,1,3,PI432185,2/1/2022,82,116,26,11.3
1055,WPR_2022,1,1,3,PI297772,2/1/2022,91,122,23.3,9.3
1056,WPR_2022,1,1,3,PI299371,2/1/2022,82,115,28.7,16.7
1057,WPR_2022,1,1,2,PI298922,2/1/2022,91,120,19.3,7
1058,WPR_2022,1,1,2,ILL186,2/1/2022,91,113,21.3,9.7
1059,WPR_2022,1,1,2,PI472224,2/1/2022,77,100,22.3,4.5
1060,WPR_2022,1,1,2,PI181771,2/1/2022,82,116,26,11
1061,WPR_2022,1,1,1,PI490288,2/1/2022,87,113,29.7,14.5
1062,WPR_2022,1,1,1,PI432271,2/1/2022,91,116,35,14
1063,WPR_2022,1,1,1,PI431633,2/1/2022,85,114,31.3,11
1064,WPR_2022,1,1,1,ILL151,2/1/2022,91,118,23,10.7
1065,WPR_2022,1,1,1,PI426202,2/1/2022,91,116,20.3,10
1066,WPR_2022,1,1,1,PI432087,2/1/2022,87,116,21.7,10.7
1067,WPR_2022,1,1,1,PI431656,2/1/2022,82,108,29.3,10
1068,WPR_2022,1,1,1,PI429369,2/1/2022,77,116,24.3,9
1070,WPR_2022,1,1,2,PI290716,2/1/2022,87,116,26,12.3
1071,WPR_2022,1,1,2,PI298023,2/1/2022,85,116,26.7,14.7
1072,WPR_2022,1,1,2,PI431980,2/1/2022,87,116,25.7,12.3
1073,WPR_2022,1,1,3,PI289079,2/1/2022,91,117,25.3,12
1074,WPR_2022,1,1,3,PI374121,2/1/2022,78,110,28.3,8.3
1075,WPR_2022,1,1,3,PI289070,2/1/2022,91,120,28.3,9
1076,WPR_2022,1,1,3,W627761,2/1/2022,77,99,27.3,
1077,WPR_2022,1,1,4,PI477921,2/1/2022,85,115,35.3,16
1078,WPR_2022,1,1,4,PI472119,2/1/2022,77,101,22.7,4.7
1079,WPR_2022,1,1,4,PI468899,2/1/2022,91,117,26.7,15.3
1080,WPR_2022,1,1,4,PI374116,2/1/2022,87,113,24.3,9
1081,WPR_2022,1,1,4,PI432033,2/1/2022,80,113,25,12
1082,WPR_2022,1,1,4,W627781,2/1/2022,91,122,23.3,16
1084,WPR_2022,1,1,4,ILL1939,2/1/2022,77,115,30.7,10
1085,WPR_2022,1,1,3,PI472136,2/1/2022,77,98,24.3,3.8
1086,WPR_2022,1,1,3,PI432028,2/1/2022,87,114,26.7,13
1087,WPR_2022,1,1,3,PI426807,2/1/2022,85,113,23,7.3
1088,WPR_2022,1,1,3,PI432236,2/1/2022,91,118,25.7,12
1089,WPR_2022,1,1,2,ILL567,2/1/2022,91,117,24,7.7
1090,WPR_2022,1,1,2,W627765,2/1/2022,77,101,32.7,7.2
1091,WPR_2022,1,1,2,PI358602,2/1/2022,91,118,31.3,15.7
1092,WPR_2022,1,1,2,PI320944,2/1/2022,91,123,31.3,12
1093,WPR_2022,1,1,1,PI431739,2/1/2022,87,116,21,11
1094,WPR_2022,1,1,1,PI431728,2/1/2022,82,115,21.7,7
1096,WPR_2022,1,1,1,PI299120,2/1/2022,77,108,23.7,9.3
1097,WPR_2022,1,1,1,PI472161,2/1/2022,77,98,21.7,5.3
1098,WPR_2022,1,1,1,ILL969,2/1/2022,85,114,27.7,12.3
1099,WPR_2022,1,1,1,PI432000,2/1/2022,91,118,27,13.3
1100,WPR_2022,1,1,1,PI606570,2/1/2022,87,115,20,10
1101,WPR_2022,1,1,2,PI320945,2/1/2022,89,116,22.3,9
1102,WPR_2022,1,1,2,PI431642,2/1/2022,77,108,29.3,13.3
1104,WPR_2022,1,1,2,PI420929,2/1/2022,77,104,21,10.2
1105,WPR_2022,1,1,3,PI412922,2/1/2022,91,116,19,9.3
1106,WPR_2022,1,1,3,PI370481,2/1/2022,85,114,28.7,12.7
1107,WPR_2022,1,1,3,PI212100,2/1/2022,82,107,28,10.5
1108,WPR_2022,1,1,3,PI432237,2/1/2022,91,116,28,8.3
1110,WPR_2022,1,1,4,PI472175,2/1/2022,77,101,22.3,3.3
1111,WPR_2022,1,1,4,PI431622,2/1/2022,82,116,21.7,11.7
1112,WPR_2022,1,1,4,ILL1938,2/1/2022,82,116,25.7,9.3
1113,WPR_2022,1,1,4,PI339289,2/1/2022,87,116,23.7,13.3
1116,WPR_2022,1,1,4,ILL167,2/1/2022,85,119,23,8.3
1117,WPR_2022,1,1,3,PI426778,2/1/2022,89,116,20.7,10.7
1118,WPR_2022,1,1,3,PI472632,2/1/2022,82,115,26.3,9.7
1120,WPR_2022,1,1,3,PI420925,2/1/2022,78,114,22.7,8.7
1121,WPR_2022,1,1,2,W627760,2/1/2022,77,108,22.3,8.7
1122,WPR_2022,1,1,2,ILL241,2/1/2022,80,114,28.3,10.3
1123,WPR_2022,1,1,2,PI379368,2/1/2022,85,116,29.7,14.3
1124,WPR_2022,1,1,2,PI368647,2/1/2022,87,116,29,15.7
1125,WPR_2022,1,1,1,PI308614,2/1/2022,85,107,24,10
1126,WPR_2022,1,1,1,PI178940,2/1/2022,80,115,33.3,15
1127,WPR_2022,1,1,1,PI472274,2/1/2022,91,101,15,4.3
1128,WPR_2022,1,1,1,PI320936,2/1/2022,77,106,25.7,10
1129,WPR_2022,1,1,1,W627756,2/1/2022,85,121,30.3,17
1130,WPR_2022,1,1,1,PI320952,2/1/2022,91,116,28,14
1131,WPR_2022,1,1,1,PI431663,2/1/2022,85,109,23.7,9.2
1132,WPR_2022,1,1,1,PI468902,2/1/2022,82,109,33.3,10.7
1133,WPR_2022,1,1,2,PI431712,2/1/2022,85,118,19,6.7
1134,WPR_2022,1,1,2,PI431888,2/1/2022,91,118,27,14.7
1135,WPR_2022,1,1,2,PI533691,2/1/2022,80,116,27.7,13.2
1136,WPR_2022,1,1,2,PI486128,2/1/2022,80,115,25.3,10.7
1137,WPR_2022,1,1,3,ILL508,2/1/2022,87,116,27.3,13
1138,WPR_2022,1,1,3,PI472188,2/1/2022,77,99,22.3,3.3
1139,WPR_2022,1,1,3,PI472316,2/1/2022,77,102,24,8
1140,WPR_2022,1,1,3,PI432059,2/1/2022,77,116,27.3,10.7
1141,WPR_2022,1,1,4,PI432085,2/1/2022,77,115,28,11.3
1142,WPR_2022,1,1,4,PI472564,2/1/2022,77,116,27.3,12
1143,WPR_2022,1,1,4,PI211052,2/1/2022,91,118,27,14.7
1144,WPR_2022,1,1,4,ILL357,2/1/2022,77,108,27.3,9
1145,WPR_2022,1,1,4,PI518734,2/1/2022,87,115,31.3,12.7
1146,WPR_2022,1,1,4,PI289073,2/1/2022,82,108,26.7,11.5
1147,WPR_2022,1,1,4,ILL1940,2/1/2022,77,104,28.7,7.3
1148,WPR_2022,1,1,4,PI432184,2/1/2022,80,115,26,12.3
1149,WPR_2022,1,1,3,ILL440,2/1/2022,87,117,32.7,14
1150,WPR_2022,1,1,3,PI431768,2/1/2022,77,114,31,12
1152,WPR_2022,1,1,3,PI193548,2/1/2022,77,100,24.7,5.3
1154,WPR_2022,1,1,2,W627763,2/1/2022,77,108,30,11.7
1155,WPR_2022,1,1,2,ILL359,2/1/2022,87,116,28.7,14
1156,WPR_2022,1,1,2,PI320937,2/1/2022,91,116,28.7,16
1157,WPR_2022,1,1,1,PI179324,2/1/2022,91,115,26.7,10.7
1158,WPR_2022,1,1,1,PI339310,2/1/2022,77,115,25,12
1159,WPR_2022,1,1,1,ILL211,2/1/2022,87,122,24.3,9.3
1160,WPR_2022,1,1,1,PI432245,2/1/2022,77,106,29,11.7
1161,WPR_2022,1,1,5,PI472331,2/1/2022,77,104,19.7,5
1162,WPR_2022,1,1,5,PI320953,2/1/2022,91,120,27.3,13.3
1164,WPR_2022,1,1,5,W627768,2/1/2022,77,120,26,10.7
1165,WPR_2022,1,1,6,PI431810,2/1/2022,82,114,25.7,11
1166,WPR_2022,1,1,6,PI299351,2/1/2022,85,118,27,
1167,WPR_2022,1,1,6,PI298644,2/1/2022,87,116,31,15
1168,WPR_2022,1,1,6,PI472535,2/1/2022,77,103,25.3,4
1169,WPR_2022,1,1,7,PI299237,2/1/2022,77,115,23.3,7.7
1170,WPR_2022,1,1,7,PI451763,2/1/2022,82,115,30.3,13.7
1171,WPR_2022,1,1,7,PI297284,2/1/2022,78,115,28.7,13
1172,WPR_2022,1,1,7,PI518733,2/1/2022,85,113,30.7,9.3
1173,WPR_2022,1,1,8,PI472327,2/1/2022,77,99,26.7,7.7
1174,WPR_2022,1,1,8,ILL1922,2/1/2022,78,115,27.7,13.7
1175,WPR_2022,1,1,8,ILL454,2/1/2022,87,116,28.3,14.3
1176,WPR_2022,1,1,8,PI299116,2/1/2022,77,109,25.3,9
1177,WPR_2022,1,1,8,ILL469,2/1/2022,85,116,27.7,10.3
1178,WPR_2022,1,1,8,PI432005,2/1/2022,82,119,33.3,14.3
1179,WPR_2022,1,1,8,PI431710,2/1/2022,80,109,25.3,11.3
1180,WPR_2022,1,1,8,PI193547,2/1/2022,80,107,28.3,9.3
1181,WPR_2022,1,1,7,W627754,2/1/2022,91,116,30.7,18
1182,WPR_2022,1,1,7,ILL507,2/1/2022,80,117,28.3,13.7
1183,WPR_2022,1,1,7,PI357225,2/1/2022,87,120,33.3,13
1184,WPR_2022,1,1,7,PI472569,2/1/2022,77,101,27,6
1185,WPR_2022,1,1,6,PI193817,2/1/2022,77,101,29.3,7.2
1186,WPR_2022,1,1,6,PI472615,2/1/2022,77,110,29,9.5
1187,WPR_2022,1,1,6,PI298121,2/1/2022,91,120,18,
1188,WPR_2022,1,1,6,PI472549,2/1/2022,91,101,23,5.7
1189,WPR_2022,1,1,5,PI299177,2/1/2022,89,116,26.7,12.3
1190,WPR_2022,1,1,5,PI298631,2/1/2022,85,116,28.7,16
1191,WPR_2022,1,1,5,PI311107,2/1/2022,91,116,27.3,14
1192,WPR_2022,1,1,5,PI431684,2/1/2022,85,116,33.3,13
1193,WPR_2022,1,1,5,PI169534,2/1/2022,91,121,,
1194,WPR_2022,1,1,5,PI472200,2/1/2022,77,101,20,5.7
1195,WPR_2022,1,1,5,ILL1220,2/1/2022,82,117,28,12.3
1196,WPR_2022,1,1,5,PI329157,2/1/2022,77,112,30,12
1197,WPR_2022,1,1,6,PI431675,2/1/2022,82,116,25,10
1198,WPR_2022,1,1,6,PI451766,2/1/2022,85,115,23.7,10
1199,WPR_2022,1,1,6,PI345627,2/1/2022,87,116,29,16.7
1200,WPR_2022,1,1,6,PI431884,2/1/2022,87,117,30.3,11
1201,WPR_2022,1,1,7,PI431717,2/1/2022,85,119,26.7,14
1202,WPR_2022,1,1,7,PI298122,2/1/2022,82,115,26.3,13.7
1203,WPR_2022,1,1,7,PI432124,2/1/2022,80,116,25.7,12.8
1204,WPR_2022,1,1,7,PI468900,2/1/2022,82,116,33.7,15.7
1205,WPR_2022,1,1,8,PI244046,2/1/2022,77,101,27,5.3
1206,WPR_2022,1,1,8,PI320941,2/1/2022,91,116,27.7,17.3
1207,WPR_2022,1,1,8,PI211602,2/1/2022,91,116,26,15
1208,WPR_2022,1,1,8,PI518731,2/1/2022,85,116,32.7,15.7
1209,WPR_2022,1,1,8,PI299164,2/1/2022,80,114,26.7,15
1210,WPR_2022,1,1,8,PI471917,2/1/2022,82,117,30,17
1211,WPR_2022,1,1,8,W627766,2/1/2022,77,95,30,6.7
1212,WPR_2022,1,1,8,PI238758,2/1/2022,80,117,33,16.7
1213,WPR_2022,1,1,7,PI472122,2/1/2022,77,99,28,4.3
1214,WPR_2022,1,1,7,PI299289,2/1/2022,85,117,25.7,8.3
1215,WPR_2022,1,1,7,PI431624,2/1/2022,87,115,23.3,9.7
1216,WPR_2022,1,1,7,PI432071,2/1/2022,82,114,28.7,13
1217,WPR_2022,1,1,6,PI432259,2/1/2022,82,115,30.7,15.7
1218,WPR_2022,1,1,6,ILL589,2/1/2022,87,116,20.7,12.7
1219,WPR_2022,1,1,6,PI431630,2/1/2022,91,119,24.7,14.7
1220,WPR_2022,1,1,6,PI273664,2/1/2022,77,105,26.7,5.5
1222,WPR_2022,1,1,5,ILL344,2/1/2022,82,116,29,17.3
1223,WPR_2022,1,1,5,PI472458,2/1/2022,77,102,19.7,2.7
1224,WPR_2022,1,1,5,PI343026,2/1/2022,80,114,31.7,19
1225,WPR_2022,1,1,5,PI533688,2/1/2022,85,116,30,17.3
1226,WPR_2022,1,1,5,PI472590,2/1/2022,77,103,29.3,13
1227,WPR_2022,1,1,5,PI533690,2/1/2022,87,113,32.3,13
1228,WPR_2022,1,1,5,PI476365,2/1/2022,82,116,34.3,12.7
1229,WPR_2022,1,1,6,PI472562,2/1/2022,77,98,25,7.7
1230,WPR_2022,1,1,6,PI297754,2/1/2022,82,113,28,16.7
1231,WPR_2022,1,1,6,PI431987,2/1/2022,80,115,25.3,6.7
1232,WPR_2022,1,1,6,PI431824,2/1/2022,82,115,23,15.3
1233,WPR_2022,1,1,7,W627759,2/1/2022,85,116,32.3,12
1234,WPR_2022,1,1,7,PI250158,2/1/2022,77,96,29,6.3
1235,WPR_2022,1,1,7,PI490289,2/1/2022,80,115,25,12.3
1236,WPR_2022,1,1,7,PI280686,2/1/2022,77,111,32.3,8.7
1237,WPR_2022,1,1,8,PI432212,2/1/2022,82,119,26.3,14
1238,WPR_2022,1,1,8,PI471916,2/1/2022,85,116,32,9.3
1239,WPR_2022,1,1,8,ILL486,2/1/2022,77,111,30.3,9.3
1240,WPR_2022,1,1,8,PI431613,2/1/2022,80,114,32.7,16
1241,WPR_2022,1,1,8,PI299354,2/1/2022,85,116,30,16.7
1242,WPR_2022,1,1,8,PI297787,2/1/2022,85,115,33,16
1243,WPR_2022,1,1,8,ILL600,2/1/2022,87,116,33.7,21.7
1244,WPR_2022,1,1,8,PI431618,2/1/2022,77,110,28.7,11.8
1245,WPR_2022,1,1,7,PI289077,2/1/2022,87,113,35.3,10
1246,WPR_2022,1,1,7,PI175754,2/1/2022,87,114,26.7,13.7
1247,WPR_2022,1,1,7,PI297767,2/1/2022,89,115,31.7,17
1248,WPR_2022,1,1,7,ILL482,2/1/2022,91,116,30,10
1249,WPR_2022,1,1,6,PI508090,2/1/2022,82,115,34.3,23
1250,WPR_2022,1,1,6,PI368651,2/1/2022,87,115,34,20.7
1252,WPR_2022,1,1,6,PI472137,2/1/2022,77,101,25.7,6.7
1253,WPR_2022,1,1,5,PI300250,2/1/2022,77,112,25.7,10.3
1254,WPR_2022,1,1,5,PI432188,2/1/2022,77,114,28,12
1255,WPR_2022,1,1,5,PI431631,2/1/2022,80,114,33,12.7
1256,WPR_2022,1,1,5,PI472484,2/1/2022,77,103,26.7,8.3
1257,WPR_2022,1,1,5,W627767,2/1/2022,77,113,27,7.7
1258,WPR_2022,1,1,5,PI431636,2/1/2022,78,113,31.7,13.3
1259,WPR_2022,1,1,5,PI383682,2/1/2022,85,115,29.7,8
1260,WPR_2022,1,1,5,PI431863,2/1/2022,80,114,25.3,13.3
1261,WPR_2022,1,1,6,PI299285,2/1/2022,87,114,27.3,14.3
1262,WPR_2022,1,1,6,PI339292,2/1/2022,85,120,30.7,16.3
1263,WPR_2022,1,1,6,PI431731,2/1/2022,82,115,23.3,7.7
1264,WPR_2022,1,1,6,PI429838,2/1/2022,80,113,31.3,13.2
1265,WPR_2022,1,1,7,PI431643,2/1/2022,78,116,30,15
1266,WPR_2022,1,1,7,PI339283,2/1/2022,82,115,22.3,10.7
1267,WPR_2022,1,1,7,PI472629,2/1/2022,82,115,23.7,10.7
1268,WPR_2022,1,1,7,PI431640,2/1/2022,80,114,24,15.3
1269,WPR_2022,1,1,8,PI435954,2/1/2022,77,115,30.7,12.3
1271,WPR_2022,1,1,8,PI420818,2/1/2022,82,116,27,17
1272,WPR_2022,1,1,8,PI431714,2/1/2022,80,116,25.3,8.7
1273,WPR_2022,1,1,8,PI297285,2/1/2022,82,115,29,14
1274,WPR_2022,1,1,8,PI472372,2/1/2022,77,101,27.3,6
1275,WPR_2022,1,1,8,PI533693,2/1/2022,80,110,30.7,15
1276,WPR_2022,1,1,8,ILL1924,2/1/2022,80,114,31.7,17.7
1278,WPR_2022,1,1,7,PI472452,2/1/2022,77,101,25.3,4.8
1279,WPR_2022,1,1,7,PI472205,2/1/2022,77,101,29.3,4.7
1280,WPR_2022,1,1,7,ILL341,2/1/2022,85,116,29.7,15.3
1282,WPR_2022,1,1,6,PI432001,2/1/2022,85,116,28.7,15.3
1283,WPR_2022,1,1,6,PI431873,2/1/2022,91,115,31.3,15.7
1284,WPR_2022,1,1,6,PI472339,2/1/2022,77,103,22.7,4.3
1285,WPR_2022,1,1,5,PI297287,2/1/2022,80,110,33,14.3
1286,WPR_2022,1,1,5,PI426784,2/1/2022,77,101,28,4.2
1287,WPR_2022,1,1,5,PI426803,2/1/2022,77,101,26.7,6.8
1288,WPR_2022,1,1,5,PI283604,2/1/2022,82,115,27.7,18
1289,WPR_2022,1,1,5,PI431753,2/1/2022,82,115,23.7,9
1290,WPR_2022,1,1,5,ILL324,2/1/2022,87,123,32.7,13
1291,WPR_2022,1,1,5,PI329167,2/1/2022,82,115,35,17
1292,WPR_2022,1,1,5,PI432286,2/1/2022,85,113,26.3,10.3
1293,WPR_2022,1,1,6,ILL537,2/1/2022,82,113,30.3,15.7
1294,WPR_2022,1,1,6,PI472588,2/1/2022,82,115,23.3,7.7
1295,WPR_2022,1,1,6,PI299163,2/1/2022,91,122,28.7,20.7
1296,WPR_2022,1,1,6,PI431679,2/1/2022,91,121,25,15
1297,WPR_2022,1,1,7,PI320935,2/1/2022,82,117,29.7,14.3
1298,WPR_2022,1,1,7,ILL610,2/1/2022,91,116,30.7,17
1299,WPR_2022,1,1,7,PI472561,2/1/2022,77,100,27.3,5.2
1300,WPR_2022,1,1,7,PI472126,2/1/2022,77,101,25.7,3.7
1301,WPR_2022,1,1,8,PI374120,2/1/2022,80,109,28,10.9
1302,WPR_2022,1,1,8,PI250156,2/1/2022,77,110,23.7,5.3
1303,WPR_2022,1,1,8,PI299366,2/1/2022,87,122,29,15.3
1304,WPR_2022,1,1,8,PI431780,2/1/2022,77,110,27.3,9.7
1305,WPR_2022,1,1,8,PI299121,2/1/2022,77,118,27.3,9.3
1306,WPR_2022,1,1,8,PI181886,2/1/2022,85,115,29.3,15.3
1307,WPR_2022,1,1,8,PI431705,2/1/2022,85,109,25.3,11.5
1308,WPR_2022,1,1,8,PI299215,2/1/2022,82,115,27.3,11.7
1310,WPR_2022,1,1,7,PI458503,2/1/2022,80,119,29.3,11.3
1311,WPR_2022,1,1,7,PI312175,2/1/2022,77,110,28.3,9.8
1312,WPR_2022,1,1,7,PI217949,2/1/2022,77,108,26.3,6.7
1313,WPR_2022,1,1,6,PI289066,2/1/2022,87,117,23.3,9
1314,WPR_2022,1,1,6,PI431923,2/1/2022,91,115,30.3,16
1315,WPR_2022,1,1,6,PI472194,2/1/2022,91,99,18.7,3
1316,WPR_2022,1,1,6,PI472416,2/1/2022,77,108,25.7,6.7
1317,WPR_2022,1,1,5,PI577168,2/1/2022,77,113,27,12.3
1318,WPR_2022,1,1,5,PI431666,2/1/2022,78,113,29,12.3
1319,WPR_2022,1,1,5,PI320954,2/1/2022,80,115,28,13.3
1320,WPR_2022,1,1,5,W627762,2/1/2022,77,104,27.3,7.8
2001,WPR_2022,1,2,9,PI426803,2/1/2022,,119,20,5.9
2002,WPR_2022,1,2,9,PI533690,2/1/2022,,116,26.3,16.3
2003,WPR_2022,1,2,9,PI518731,2/1/2022,,113,28,13
2004,WPR_2022,1,2,9,PI431714,2/1/2022,,113,21.7,8.7
2005,WPR_2022,1,2,10,PI432005,2/1/2022,,106,31.7,15
2006,WPR_2022,1,2,10,PI472632,2/1/2022,,116,24.7,11.7
2007,WPR_2022,1,2,10,PI432087,2/1/2022,,113,24,7.3
2008,WPR_2022,1,2,10,PI431642,2/1/2022,,113,28,9.3
2009,WPR_2022,1,2,11,ILL1922,2/1/2022,,113,26.3,15
2010,WPR_2022,1,2,11,PI431631,2/1/2022,,108,32.3,
2011,WPR_2022,1,2,11,PI432201,2/1/2022,,113,30.7,14.7
2012,WPR_2022,1,2,11,PI374120,2/1/2022,,113,29,14.3
2013,WPR_2022,1,2,12,PI238758,2/1/2022,,116,30,16
2014,WPR_2022,1,2,12,PI432236,2/1/2022,,113,24,9.8
2015,WPR_2022,1,2,12,PI472213,2/1/2022,,104,21,7.8
2016,WPR_2022,1,2,12,ILL151,2/1/2022,,115,21,7
2018,WPR_2022,1,2,12,W627762,2/1/2022,,104,26.3,6
2019,WPR_2022,1,2,12,PI472615,2/1/2022,,104,27,8
2020,WPR_2022,1,2,12,PI420929,2/1/2022,,104,23.3,9
2021,WPR_2022,1,2,11,PI472274,2/1/2022,,104,21.3,3.5
2022,WPR_2022,1,2,11,PI374121,2/1/2022,,104,25,10.7
2023,WPR_2022,1,2,11,W627780,2/1/2022,,104,24.3,3.7
2024,WPR_2022,1,2,11,ILL324,2/1/2022,,113,34,15.3
2025,WPR_2022,1,2,10,PI472339,2/1/2022,,104,17.7,3.2
2026,WPR_2022,1,2,10,PI432188,2/1/2022,,106,25.3,11
2027,WPR_2022,1,2,10,PI431774,2/1/2022,,104,25.3,6.8
2029,WPR_2022,1,2,9,PI299116,2/1/2022,,106,25.3,11.3
2030,WPR_2022,1,2,9,ILL1940,2/1/2022,,104,24,6.9
2031,WPR_2022,1,2,9,PI297754,2/1/2022,,113,29.3,13
2032,WPR_2022,1,2,9,PI431624,2/1/2022,,113,19.7,9.3
2033,WPR_2022,1,2,9,PI431640,2/1/2022,,113,28.3,11.3
2034,WPR_2022,1,2,9,PI175754,2/1/2022,,113,21.7,12
2035,WPR_2022,1,2,9,PI606570,2/1/2022,,113,21.7,11
2036,WPR_2022,1,2,9,ILL360,2/1/2022,,106,27.7,13
2037,WPR_2022,1,2,10,PI432184,2/1/2022,,104,23.3,10.3
2038,WPR_2022,1,2,10,PI432085,2/1/2022,,104,27.3,9.7
2039,WPR_2022,1,2,10,PI432271,2/1/2022,,106,28.7,14
2040,WPR_2022,1,2,10,PI280686,2/1/2022,,104,28,4.2
2041,WPR_2022,1,2,11,ILL1939,2/1/2022,,104,28.7,9.3
2042,WPR_2022,1,2,11,PI472126,2/1/2022,,104,20,3
2043,WPR_2022,1,2,11,PI312175,2/1/2022,,106,25,8.2
2044,WPR_2022,1,2,11,PI472549,2/1/2022,,104,27.3,4.3
2045,WPR_2022,1,2,12,PI472380,2/1/2022,,104,26,5.8
2046,WPR_2022,1,2,12,PI320936,2/1/2022,,104,24.7,11.3
2047,WPR_2022,1,2,12,PI298122,2/1/2022,,115,25.3,11.2
2048,WPR_2022,1,2,12,PI472383,2/1/2022,,104,23.7,3.5
2049,WPR_2022,1,2,12,W627760,2/1/2022,,104,24,8.7
2051,WPR_2022,1,2,12,PI472188,2/1/2022,,104,25.7,3.3
2052,WPR_2022,1,2,12,PI431756,2/1/2022,,108,23.7,10.3
2053,WPR_2022,1,2,11,ILL482,2/1/2022,,119,23.7,10.3
2054,WPR_2022,1,2,11,PI181886,2/1/2022,,106,29,12
2055,WPR_2022,1,2,11,ILL211,2/1/2022,,119,26,10.3
2056,WPR_2022,1,2,11,PI477921,2/1/2022,,108,29,15
2057,WPR_2022,1,2,10,PI299207,2/1/2022,,104,29.7,13.3
2058,WPR_2022,1,2,10,W627754,2/1/2022,,106,25.3,13.7
2059,WPR_2022,1,2,10,PI370481,2/1/2022,,113,26.7,17
2060,WPR_2022,1,2,10,PI299120,2/1/2022,,104,25,9
2061,WPR_2022,1,2,9,PI431987,2/1/2022,,108,23,9.3
2062,WPR_2022,1,2,9,PI472629,2/1/2022,,113,23.3,11.7
2063,WPR_2022,1,2,9,PI320935,2/1/2022,,104,28,12.7
2064,WPR_2022,1,2,9,ILL1220,2/1/2022,,108,27.7,14.7
2065,WPR_2022,1,2,9,PI299215,2/1/2022,,104,27.7,12
2066,WPR_2022,1,2,9,PI368647,2/1/2022,,115,31.7,15
2067,WPR_2022,1,2,9,PI472122,2/1/2022,,104,18.3,4
2068,WPR_2022,1,2,9,PI299354,2/1/2022,,106,26,13
2069,WPR_2022,1,2,10,PI299163,2/1/2022,,119,27.7,12.7
2070,WPR_2022,1,2,10,PI472327,2/1/2022,,104,20.3,5.7
2071,WPR_2022,1,2,10,PI431717,2/1/2022,,108,24,9.5
2072,WPR_2022,1,2,10,PI431863,2/1/2022,,113,25,13
2073,WPR_2022,1,2,11,PI431980,2/1/2022,,108,27.7,11.7
2074,WPR_2022,1,2,11,PI486127,2/1/2022,,115,28,14
2075,WPR_2022,1,2,11,PI251248,2/1/2022,,104,20.3,4.2
2076,WPR_2022,1,2,11,PI311107,2/1/2022,,113,30.7,14
2077,WPR_2022,1,2,12,PI431824,2/1/2022,,104,29.7,15
2078,WPR_2022,1,2,12,PI426784,2/1/2022,,104,28,4.5
2079,WPR_2022,1,2,12,PI212100,2/1/2022,,106,28,14.3
2080,WPR_2022,1,2,12,PI472340,2/1/2022,,104,23.3,5
2081,WPR_2022,1,2,12,PI431768,2/1/2022,,108,25,7.2
2082,WPR_2022,1,2,12,PI468901,2/1/2022,,108,26.3,15
2083,WPR_2022,1,2,12,PI472194,2/1/2022,,104,20,4.7
2084,WPR_2022,1,2,12,PI426202,2/1/2022,,113,28.3,13.7
2086,WPR_2022,1,2,11,ILL1938,2/1/2022,,106,24.7,12
2088,WPR_2022,1,2,11,PI471916,2/1/2022,,113,29.7,11
2089,WPR_2022,1,2,10,PI432185,2/1/2022,,113,26,13.7
2090,WPR_2022,1,2,10,PI193817,2/1/2022,,104,23.7,3.8
2091,WPR_2022,1,2,10,PI472136,2/1/2022,,104,19.3,4
2092,WPR_2022,1,2,10,PI431810,2/1/2022,,106,25.3,12.7
2093,WPR_2022,1,2,9,PI432059,2/1/2022,,113,28.3,10.3
2094,WPR_2022,1,2,9,ILL610,2/1/2022,,115,31.3,14
2095,WPR_2022,1,2,9,PI169534,2/1/2022,,108,32,14.3
2097,WPR_2022,1,2,9,PI472569,2/1/2022,,106,23.3,10
2099,WPR_2022,1,2,9,W627767,2/1/2022,,104,25.3,8
2100,WPR_2022,1,2,9,PI297284,2/1/2022,,106,28,11.7
2101,WPR_2022,1,2,10,ILL1924,2/1/2022,,113,29,12.7
2102,WPR_2022,1,2,10,ILL567,2/1/2022,,113,21.7,10
2103,WPR_2022,1,2,10,PI472195,2/1/2022,,104,24.3,4.5
2104,WPR_2022,1,2,10,ILL359,2/1/2022,,104,28.3,12
2105,WPR_2022,1,2,11,PI431712,2/1/2022,,113,22,10.7
2106,WPR_2022,1,2,11,PI468899,2/1/2022,,115,29.3,14.3
2107,WPR_2022,1,2,11,PI472224,2/1/2022,,104,20,3.3
2108,WPR_2022,1,2,11,PI458503,2/1/2022,,113,28.3,8
2109,WPR_2022,1,2,12,PI182217,2/1/2022,,113,21,9.3
2110,WPR_2022,1,2,12,PI297767,2/1/2022,,116,29.7,11.7
2111,WPR_2022,1,2,12,PI490289,2/1/2022,,115,25.7,10.3
2112,WPR_2022,1,2,12,PI244046,2/1/2022,,104,19.7,2.2
2113,WPR_2022,1,2,12,PI431884,2/1/2022,,104,27.3,13.3
2114,WPR_2022,1,2,12,ILL600,2/1/2022,,116,29.3,16
2115,WPR_2022,1,2,12,W627766,2/1/2022,,104,25.7,6.3
2116,WPR_2022,1,2,12,PI472372,2/1/2022,,104,25.7,7
2117,WPR_2022,1,2,11,PI429369,2/1/2022,,116,26.3,7
2118,WPR_2022,1,2,11,PI472564,2/1/2022,,106,27,9.3
2119,WPR_2022,1,2,11,PI320953,2/1/2022,,119,24.7,14.3
2120,WPR_2022,1,2,11,ILL167,2/1/2022,,115,24.3,12.7
2121,WPR_2022,1,2,10,PI299366,2/1/2022,,106,28,15.3
2122,WPR_2022,1,2,10,W627765,2/1/2022,,104,32.7,8.3
2123,WPR_2022,1,2,10,PI432145,2/1/2022,,108,18,9
2125,WPR_2022,1,2,9,PI431731,2/1/2022,,106,22,8
2126,WPR_2022,1,2,9,PI472143,2/1/2022,,108,28.3,12.5
2127,WPR_2022,1,2,9,PI299371,2/1/2022,,108,30.7,16.3
2128,WPR_2022,1,2,9,PI193547,2/1/2022,,115,24,9
2129,WPR_2022,1,2,9,PI345627,2/1/2022,,106,32.7,16
2130,WPR_2022,1,2,9,PI289077,2/1/2022,,104,28,4.7
2131,WPR_2022,1,2,9,ILL357,2/1/2022,,104,21.7,7.3
2132,WPR_2022,1,2,9,PI420818,2/1/2022,,108,28.3,12.7
2133,WPR_2022,1,2,10,ILL440,2/1/2022,,116,24.7,14.3
2134,WPR_2022,1,2,10,PI490288,2/1/2022,,108,27.7,12
2135,WPR_2022,1,2,10,ILL341,2/1/2022,,113,28.3,14.7
2136,WPR_2022,1,2,10,PI320945,2/1/2022,,113,26.3,8.7
2137,WPR_2022,1,2,11,W627782,2/1/2022,,104,29.3,6.2
2138,WPR_2022,1,2,11,PI472331,2/1/2022,,104,23.3,4.3
2139,WPR_2022,1,2,11,PI472320,2/1/2022,,104,24.3,4
2140,WPR_2022,1,2,11,PI178940,2/1/2022,,108,36.3,17.7
2141,WPR_2022,1,2,12,PI431753,2/1/2022,,115,22.7,12.3
2142,WPR_2022,1,2,12,PI273664,2/1/2022,,119,24.7,7.3
2143,WPR_2022,1,2,12,PI320944,2/1/2022,,113,30.3,13.3
2144,WPR_2022,1,2,12,PI299177,2/1/2022,,116,25,12.7
2146,WPR_2022,1,2,12,PI178971,2/1/2022,,106,28.3,14.7
2147,WPR_2022,1,2,12,PI432106,2/1/2022,,113,30,15.3
2148,WPR_2022,1,2,12,W627781,2/1/2022,,116,24,16.3
2150,WPR_2022,1,2,11,PI217949,2/1/2022,,116,24.7,7
2151,WPR_2022,1,2,11,PI472200,2/1/2022,,104,22.3,
2152,WPR_2022,1,2,11,PI383682,2/1/2022,,115,28,12.7
2153,WPR_2022,1,2,10,PI320952,2/1/2022,,116,33.7,16.7
2154,WPR_2022,1,2,10,PI181771,2/1/2022,,106,26,11.7
2155,WPR_2022,1,2,10,PI298631,2/1/2022,,108,24,17.3
2156,WPR_2022,1,2,10,PI432286,2/1/2022,,115,23,11.3
2157,WPR_2022,1,2,9,PI431622,2/1/2022,,113,24.7,8.7
2158,WPR_2022,1,2,9,PI518734,2/1/2022,,106,29.7,13.3
2159,WPR_2022,1,2,9,ILL435,2/1/2022,,115,25.7,11
2160,WPR_2022,1,2,9,PI472458,2/1/2022,,104,20.3,3.7
2161,WPR_2022,1,2,13,PI329169,2/1/2022,,113,32,16
2162,WPR_2022,1,2,13,PI299289,2/1/2022,,113,26.7,8.7
2163,WPR_2022,1,2,13,W627758,2/1/2022,,108,24.3,6
2164,WPR_2022,1,2,13,PI431888,2/1/2022,,119,32,13.7
2165,WPR_2022,1,2,14,PI297787,2/1/2022,,108,31.3,13
2166,WPR_2022,1,2,14,PI163589,2/1/2022,,113,30.7,13.7
2167,WPR_2022,1,2,14,PI179324,2/1/2022,,108,29.7,12
2168,WPR_2022,1,2,14,PI432212,2/1/2022,,108,24,12
2169,WPR_2022,1,2,15,PI298357,2/1/2022,,106,31.7,11
2170,WPR_2022,1,2,15,PI431873,2/1/2022,,113,30.7,10.7
2171,WPR_2022,1,2,15,PI431656,2/1/2022,,113,30.7,11.7
2172,WPR_2022,1,2,15,PI432033,2/1/2022,,108,26.3,8
2173,WPR_2022,1,2,16,PI298644,2/1/2022,,116,28.3,18.7
2175,WPR_2022,1,2,16,PI472175,2/1/2022,,104,22,3.7
2176,WPR_2022,1,2,16,PI320941,2/1/2022,,119,28,15
2177,WPR_2022,1,2,16,PI431705,2/1/2022,,108,24.3,12
2178,WPR_2022,1,2,16,PI472559,2/1/2022,,104,26.3,7.3
2179,WPR_2022,1,2,16,PI339310,2/1/2022,,113,28.7,13
2180,WPR_2022,1,2,16,PI426778,2/1/2022,,113,24,10
2181,WPR_2022,1,2,15,PI468900,2/1/2022,,108,31.7,13.8
2182,WPR_2022,1,2,15,PI472562,2/1/2022,,104,26,4.3
2183,WPR_2022,1,2,15,PI471917,2/1/2022,,108,30.7,10
2184,WPR_2022,1,2,15,PI426797,2/1/2022,,104,30,5.8
2185,WPR_2022,1,2,14,PI329167,2/1/2022,,113,32,17
2186,WPR_2022,1,2,14,PI472205,2/1/2022,,104,25.7,4.2
2187,WPR_2022,1,2,14,PI289079,2/1/2022,,113,30,12.8
2190,WPR_2022,1,2,13,PI211052,2/1/2022,,119,26.7,13
2192,WPR_2022,1,2,13,PI432147,2/1/2022,,108,25.7,8.3
2193,WPR_2022,1,2,13,W627759,2/1/2022,,113,32,14
2195,WPR_2022,1,2,13,W627763,2/1/2022,,116,28.3,7.3
2196,WPR_2022,1,2,13,PI339283,2/1/2022,,115,27.3,8.3
2197,WPR_2022,1,2,14,PI357225,2/1/2022,,108,35.7,16
2198,WPR_2022,1,2,14,PI468902,2/1/2022,,113,32,15.7
2199,WPR_2022,1,2,14,ILL344,2/1/2022,,113,31.7,13
2200,WPR_2022,1,2,14,PI320954,2/1/2022,,108,29.3,15
2201,WPR_2022,1,2,15,ILL217,2/1/2022,,113,33.3,14.7
2202,WPR_2022,1,2,15,PI472588,2/1/2022,,113,24,10.3
2203,WPR_2022,1,2,15,PI368651,2/1/2022,,116,35.3,16
2204,WPR_2022,1,2,15,PI298023,2/1/2022,,116,29.3,12.7
2205,WPR_2022,1,2,16,PI432001,2/1/2022,,113,26.7,11.3
2206,WPR_2022,1,2,16,ILL413,2/1/2022,,115,30.3,12.3
2207,WPR_2022,1,2,16,PI451763,2/1/2022,,115,36.3,14.3
2209,WPR_2022,1,2,16,PI250158,2/1/2022,,104,28.3,4.2
2210,WPR_2022,1,2,16,PI343026,2/1/2022,,108,32.3,14
2211,WPR_2022,1,2,16,PI412922,2/1/2022,,116,31.3,12.7
2212,WPR_2022,1,2,16,PI472488,2/1/2022,,104,26,4.7
2213,WPR_2022,1,2,15,PI379368,2/1/2022,,108,37.7,19
2215,WPR_2022,1,2,15,ILL454,2/1/2022,,108,35,17.3
2216,WPR_2022,1,2,15,PI298922,2/1/2022,,113,25.7,7.7
2217,WPR_2022,1,2,14,PI431643,2/1/2022,,108,35.7,11.7
2218,WPR_2022,1,2,14,PI299121,2/1/2022,,106,33.3,8.3
2219,WPR_2022,1,2,14,PI508090,2/1/2022,,108,38,18.3
2220,WPR_2022,1,2,14,PI289070,2/1/2022,,113,34,18
2221,WPR_2022,1,2,13,ILL507,2/1/2022,,116,28.7,10.3
2223,WPR_2022,1,2,13,PI431679,2/1/2022,,116,25.3,10.3
2224,WPR_2022,1,2,13,PI432124,2/1/2022,,106,27.3,11
2225,WPR_2022,1,2,13,PI472416,2/1/2022,,113,24.3,3.5
2226,WPR_2022,1,2,13,PI211602,2/1/2022,,113,25.7,10.3
2227,WPR_2022,1,2,13,PI533693,2/1/2022,,108,30.7,12
2228,WPR_2022,1,2,13,PI431636,2/1/2022,,113,34.3,11.7
2229,WPR_2022,1,2,14,PI432071,2/1/2022,,108,30,10.3
2230,WPR_2022,1,2,14,PI472400,2/1/2022,,104,18,4.2
2231,WPR_2022,1,2,14,ILL508,2/1/2022,,113,38.3,14
2232,WPR_2022,1,2,14,PI251032,2/1/2022,,108,37,15
2233,WPR_2022,1,2,15,PI476365,2/1/2022,,113,38.3,14.3
2234,WPR_2022,1,2,15,ILL186,2/1/2022,,115,27.7,13
2235,WPR_2022,1,2,15,PI432000,2/1/2022,,116,30.7,14.7
2236,WPR_2022,1,2,15,W627768,2/1/2022,,116,28.7,7.8
2237,WPR_2022,1,2,16,PI432245,2/1/2022,,106,30.7,7.7
2238,WPR_2022,1,2,16,PI300250,2/1/2022,,108,28.7,9
2241,WPR_2022,1,2,16,PI429838,2/1/2022,,108,29.3,12.7
2242,WPR_2022,1,2,16,PI451766,2/1/2022,,113,33.7,11.7
2243,WPR_2022,1,2,16,PI297772,2/1/2022,,116,28.3,14.3
2244,WPR_2022,1,2,16,PI518733,2/1/2022,,113,28.7,3.8
2245,WPR_2022,1,2,15,PI472484,2/1/2022,,104,21,
2246,WPR_2022,1,2,15,PI251784,2/1/2022,,113,37.7,16
2247,WPR_2022,1,2,15,PI250156,2/1/2022,,108,22.3,4.7
2248,WPR_2022,1,2,15,PI472354,2/1/2022,,104,14.7,3
2249,WPR_2022,1,2,14,PI358602,2/1/2022,,115,45.7,18.3
2250,WPR_2022,1,2,14,PI339285,2/1/2022,,108,26.3,9.2
2251,WPR_2022,1,2,14,PI432237,2/1/2022,,106,31.3,12.7
2252,WPR_2022,1,2,14,ILL241,2/1/2022,,113,33.7,14.3
2253,WPR_2022,1,2,13,PI298121,2/1/2022,,119,17.3,9.7
2254,WPR_2022,1,2,13,PI299164,2/1/2022,,108,29.7,13.7
2255,WPR_2022,1,2,13,PI472316,2/1/2022,,104,21.7,3.7
2257,WPR_2022,1,2,13,PI486128,2/1/2022,,104,30,10.8
2258,WPR_2022,1,2,13,PI472535,2/1/2022,,104,14.7,1.8
2259,WPR_2022,1,2,13,ILL589,2/1/2022,,108,27.3,13.3
2260,WPR_2022,1,2,13,PI533688,2/1/2022,,115,28.7,15.7
2261,WPR_2022,1,2,14,PI329157,2/1/2022,,108,31,12.3
2262,WPR_2022,1,2,14,PI518732,2/1/2022,,113,30.7,11.3
2263,WPR_2022,1,2,14,PI298645,2/1/2022,,108,28.7,10.7
2264,WPR_2022,1,2,14,ILL969,2/1/2022,,113,33.3,14.2
2265,WPR_2022,1,2,15,PI431780,2/1/2022,,113,26,8.7
2266,WPR_2022,1,2,15,PI431666,2/1/2022,,113,33.3,10.7
2268,WPR_2022,1,2,15,PI297287,2/1/2022,,113,34,13
2269,WPR_2022,1,2,16,W627761,2/1/2022,,104,22,4.8
2270,WPR_2022,1,2,16,PI207492,2/1/2022,,106,28.7,9.7
2271,WPR_2022,1,2,16,PI178939,2/1/2022,,108,35.7,12.7
2272,WPR_2022,1,2,16,PI432028,2/1/2022,,113,28,12.3
2273,WPR_2022,1,2,16,PI298923,2/1/2022,,113,22.7,14
2274,WPR_2022,1,2,16,PI431809,2/1/2022,,106,27.3,12.3
2275,WPR_2022,1,2,16,PI472161,2/1/2022,,104,23,3.2
2276,WPR_2022,1,2,16,PI431739,2/1/2022,,106,21.7,13.3
2277,WPR_2022,1,2,15,ILL469,2/1/2022,,108,28,16
2278,WPR_2022,1,2,15,PI297285,2/1/2022,,113,26.7,13.7
2279,WPR_2022,1,2,15,PI193548,2/1/2022,,104,21,6
2280,WPR_2022,1,2,15,PI289066,2/1/2022,,115,27.3,14.3
2281,WPR_2022,1,2,14,PI472561,2/1/2022,,104,20.7,5.2
2282,WPR_2022,1,2,14,PI420924,2/1/2022,,116,35.7,13.7
2283,WPR_2022,1,2,14,PI374116,2/1/2022,,113,22,9.3
2284,WPR_2022,1,2,14,PI299285,2/1/2022,,115,23.7,14.7
2285,WPR_2022,1,2,13,PI431675,2/1/2022,,108,21.7,9.3
2286,WPR_2022,1,2,13,PI420925,2/1/2022,,104,18.3,6.5
2287,WPR_2022,1,2,13,PI533691,2/1/2022,,108,27,12.3
2288,WPR_2022,1,2,13,PI431613,2/1/2022,,106,32,17
2289,WPR_2022,1,2,13,PI472119,2/1/2022,,104,13.7,4.2
2290,WPR_2022,1,2,13,ILL906,2/1/2022,,113,17.3,8
2291,WPR_2022,1,2,13,PI299237,2/1/2022,,113,20.7,8
2292,WPR_2022,1,2,13,PI577168,2/1/2022,,113,20.7,6.3
2293,WPR_2022,1,2,14,PI431630,2/1/2022,,119,22.7,11.7
2294,WPR_2022,1,2,14,PI472137,2/1/2022,,104,21.7,5.7
2295,WPR_2022,1,2,14,PI435954,2/1/2022,,108,29.7,11.3
2296,WPR_2022,1,2,14,ILL537,2/1/2022,,113,26,12
2297,WPR_2022,1,2,15,PI431728,2/1/2022,,106,24.3,10.3
2298,WPR_2022,1,2,15,PI472590,2/1/2022,,113,27.3,10.3
2299,WPR_2022,1,2,15,PI339289,2/1/2022,,113,26.7,15.3
2300,WPR_2022,1,2,15,W627756,2/1/2022,,115,29.3,18
2301,WPR_2022,1,2,16,PI431710,2/1/2022,,108,23.7,11
2302,WPR_2022,1,2,16,PI283604,2/1/2022,,108,28.3,15
2303,WPR_2022,1,2,16,PI432002,2/1/2022,,119,26.3,12
2304,WPR_2022,1,2,16,PI320937,2/1/2022,,116,26.7,13.3
2305,WPR_2022,1,2,16,PI431633,2/1/2022,,108,30.7,12
2306,WPR_2022,1,2,16,PI426807,2/1/2022,,108,21,7
2307,WPR_2022,1,2,16,PI339292,2/1/2022,,113,24.7,12.3
2308,WPR_2022,1,2,16,PI431893,2/1/2022,,113,27.3,11
2309,WPR_2022,1,2,15,PI289073,2/1/2022,,113,25.7,11.7
2310,WPR_2022,1,2,15,PI432190,2/1/2022,,115,25.3,15
2311,WPR_2022,1,2,15,PI431923,2/1/2022,,119,30.3,16.3
2312,WPR_2022,1,2,15,PI308614,2/1/2022,,113,26.7,11
2313,WPR_2022,1,2,14,PI299351,2/1/2022,,113,25,12
2314,WPR_2022,1,2,14,PI431618,2/1/2022,,113,30,12
2315,WPR_2022,1,2,14,PI472452,2/1/2022,,104,15.3,3
2316,WPR_2022,1,2,14,ILL486,2/1/2022,,119,30.3,8
2317,WPR_2022,1,2,13,PI431684,2/1/2022,,116,25.7,10.7
2318,WPR_2022,1,2,13,PI290716,2/1/2022,,108,26.3,11.7
2319,WPR_2022,1,2,13,PI431663,2/1/2022,,116,24,11.3
2320,WPR_2022,1,2,13,PI432259,2/1/2022,,113,30.3,11.7
1001,WPR_2023,2,1,1,PI432185,2/7/2023,67,127,31.7,12.3
1002,WPR_2023,2,1,1,PI320936,2/7/2023,77,127,29.7,15
1003,WPR_2023,2,1,1,PI289079,2/7/2023,80,127,30.7,6
1004,WPR_2023,2,1,1,PI432201,2/7/2023,80,127,40.3,10
1005,WPR_2023,2,1,1,PI431613,2/7/2023,75,127,32,22
1006,WPR_2023,2,1,1,ILL360,2/7/2023,80,127,30.3,16.3
1007,WPR_2023,2,1,2,PI320952,2/7/2023,93,127,30,18
1008,WPR_2023,2,1,2,PI518731,2/7/2023,80,127,29,15.7
1009,WPR_2023,2,1,2,PI431679,2/7/2023,80,127,26.3,8.7
1010,WPR_2023,2,1,2,PI298645,2/7/2023,80,127,29,11.3
1013,WPR_2023,2,1,2,PI472400,2/7/2023,66,99,25.3,5
1024,WPR_2023,2,1,2,PI432085,2/7/2023,80,127,29.3,14.7
1027,WPR_2023,2,1,2,PI370481,2/7/2023,80,127,29.3,12.3
1029,WPR_2023,2,1,2,PI472488,2/7/2023,66,98,26.3,8.7
1030,WPR_2023,2,1,2,PI299289,2/7/2023,80,127,30,8.3
1032,WPR_2023,2,1,1,PI308614,2/7/2023,80,127,28,12.3
1033,WPR_2023,2,1,1,PI431643,2/7/2023,80,127,30.3,14.3
1034,WPR_2023,2,1,1,PI429369,2/7/2023,75,127,20.7,7.7
1035,WPR_2023,2,1,1,W627767,2/7/2023,80,127,23.7,5.3
1036,WPR_2023,2,1,1,W627766,2/7/2023,66,99,28.3,10
1037,WPR_2023,2,1,1,PI472615,2/7/2023,66,127,29.3,9.3
1038,WPR_2023,2,1,1,PI518732,2/7/2023,80,127,30,8
1039,WPR_2023,2,1,1,PI472535,2/7/2023,66,98,24,8.7
1041,WPR_2023,2,1,1,PI432286,2/7/2023,80,127,24,9.7
1042,WPR_2023,2,1,1,PI472629,2/7/2023,80,127,23.7,8.3
1043,WPR_2023,2,1,2,PI299285,2/7/2023,80,127,23.7,8.3
1045,WPR_2023,2,1,2,PI432033,2/7/2023,80,127,27.7,5.7
1046,WPR_2023,2,1,2,PI431631,2/7/2023,80,127,30.3,14.3
1060,WPR_2023,2,1,2,PI431884,2/7/2023,80,127,28.7,11.3
1063,WPR_2023,2,1,2,PI297285,2/7/2023,80,127,25.7,12.3
1064,WPR_2023,2,1,2,PI472380,2/7/2023,66,98,25.7,10.3
1065,WPR_2023,2,1,2,PI420925,2/7/2023,66,127,24.7,9
1066,WPR_2023,2,1,2,ILL567,2/7/2023,80,129,20.7,11.7
1067,WPR_2023,2,1,1,PI374120,2/7/2023,80,127,20.7,10.3
1068,WPR_2023,2,1,1,PI472126,2/7/2023,66,99,30,9.7
1069,WPR_2023,2,1,1,PI533691,2/7/2023,80,127,29.7,8
1070,WPR_2023,2,1,1,PI432000,2/7/2023,87,130,27.7,12
1071,WPR_2023,2,1,1,PI299237,2/7/2023,75,127,21.7,9.3
1072,WPR_2023,2,1,1,PI431731,2/7/2023,80,129,21.7,7.3
1073,WPR_2023,2,1,1,ILL324,2/7/2023,80,129,31,14.7
1074,WPR_2023,2,1,1,PI486127,2/7/2023,80,127,28.7,13
1075,WPR_2023,2,1,1,PI486128,2/7/2023,80,127,27.7,8.7
1076,WPR_2023,2,1,1,PI451766,2/7/2023,80,129,22.3,9
1077,WPR_2023,2,1,1,PI432184,2/7/2023,80,127,26,10.7
1078,WPR_2023,2,1,1,PI431893,2/7/2023,80,127,30,8.7
1079,WPR_2023,2,1,2,PI432245,2/7/2023,66,127,27.7,6.7
1080,WPR_2023,2,1,2,PI343026,2/7/2023,80,127,32.3,14.7
1081,WPR_2023,2,1,2,PI431780,2/7/2023,66,127,25.7,11.7
1082,WPR_2023,2,1,2,PI299163,2/7/2023,93,132,20.3,11
1085,WPR_2023,2,1,2,PI432145,2/7/2023,80,127,20.3,6
1096,WPR_2023,2,1,2,PI431712,2/7/2023,80,127,18.7,5.3
1099,WPR_2023,2,1,2,PI476365,2/7/2023,80,129,25,14.7
1100,WPR_2023,2,1,2,PI472331,2/7/2023,66,98,19.3,6.3
1101,WPR_2023,2,1,2,PI297754,2/7/2023,80,130,26.7,7.3
1102,WPR_2023,2,1,2,PI426784,2/7/2023,66,98,23.7,10.3
1103,WPR_2023,2,1,1,PI429838,2/7/2023,80,129,24,9
1104,WPR_2023,2,1,1,PI289066,2/7/2023,84,130,18.7,12.7
1105,WPR_2023,2,1,1,PI431863,2/7/2023,80,129,24.7,7.7
1106,WPR_2023,2,1,1,PI490289,2/7/2023,80,129,23.3,6.3
1107,WPR_2023,2,1,1,PI289070,2/7/2023,80,129,27.7,13.3
1108,WPR_2023,2,1,1,PI374121,2/7/2023,80,127,24.7,11.3
1109,WPR_2023,2,1,3,PI431753,2/7/2023,80,127,21.7,7.7
1110,WPR_2023,2,1,3,PI472122,2/7/2023,66,98,19.7,5.7
1111,WPR_2023,2,1,3,PI426807,2/7/2023,76,127,20.3,8.7
1112,WPR_2023,2,1,3,PI471917,2/7/2023,80,129,22.7,11
1113,WPR_2023,2,1,3,PI468900,2/7/2023,80,129,28.3,10.3
1114,WPR_2023,2,1,3,PI431824,2/7/2023,80,127,27,9.3
1115,WPR_2023,2,1,4,W627780,2/7/2023,66,99,24.7,11
1116,WPR_2023,2,1,4,PI472632,2/7/2023,76,127,26.7,16.3
1117,WPR_2023,2,1,4,PI169534,2/7/2023,80,129,27.7,14.3
1118,WPR_2023,2,1,4,ILL469,2/7/2023,80,129,23.3,11.7
1119,WPR_2023,2,1,4,PI432071,2/7/2023,80,127,24.3,6.3
1121,WPR_2023,2,1,4,PI412922,2/7/2023,76,127,18.7,8.3
1132,WPR_2023,2,1,4,PI432147,2/7/2023,80,127,24,10.3
1134,WPR_2023,2,1,4,PI431622,2/7/2023,80,127,22.3,6.7
1136,WPR_2023,2,1,4,PI472119,2/7/2023,66,97,24.7,10.3
1137,WPR_2023,2,1,4,PI339283,2/7/2023,80,129,20,8.7
1138,WPR_2023,2,1,4,PI472137,2/7/2023,80,129,23.7,5.7
1139,WPR_2023,2,1,3,PI432001,2/7/2023,80,131,29.7,13.7
1140,WPR_2023,2,1,3,PI472195,2/7/2023,66,99,25,5.3
1141,WPR_2023,2,1,3,PI339310,2/7/2023,76,130,21,12.7
1142,WPR_2023,2,1,3,PI472320,2/7/2023,66,98,27.7,9
1143,WPR_2023,2,1,3,PI472569,2/7/2023,66,99,24.7,8.3
1144,WPR_2023,2,1,3,W627761,2/7/2023,66,98,21.3,9
1145,WPR_2023,2,1,3,PI298923,2/7/2023,89,129,18,10.3
1146,WPR_2023,2,1,3,PI472327,2/7/2023,66,98,23.3,10.7
1147,WPR_2023,2,1,3,PI297787,2/7/2023,80,129,31,12.3
1148,WPR_2023,2,1,3,PI163589,2/7/2023,80,130,27,15
1149,WPR_2023,2,1,3,PI431809,2/7/2023,80,127,21.7,10
1150,WPR_2023,2,1,3,PI432212,2/7/2023,80,129,18.7,8
1151,WPR_2023,2,1,4,PI432236,2/7/2023,66,97,27.3,9.7
1152,WPR_2023,2,1,4,PI320941,2/7/2023,94,129,21,12.3
1154,WPR_2023,2,1,4,PI431923,2/7/2023,80,130,26,12.3
1157,WPR_2023,2,1,4,PI383682,2/7/2023,84,130,17.7,12
1168,WPR_2023,2,1,4,ILL1940,2/7/2023,66,98,24,12
1170,WPR_2023,2,1,4,PI181886,2/7/2023,80,129,23.3,5.7
1171,WPR_2023,2,1,4,PI298631,2/7/2023,80,129,26.3,8
1172,WPR_2023,2,1,4,PI299120,2/7/2023,80,129,23,11.3
1173,WPR_2023,2,1,4,PI472143,2/7/2023,80,130,24,10
1176,WPR_2023,2,1,3,PI329157,2/7/2023,80,129,26.3,9.3
1177,WPR_2023,2,1,3,PI182217,2/7/2023,80,127,17.7,9.3
1178,WPR_2023,2,1,3,PI472588,2/7/2023,76,129,21.7,4.7
1179,WPR_2023,2,1,3,PI289077,2/7/2023,66,129,26,12
1180,WPR_2023,2,1,3,PI431987,2/7/2023,80,127,22.7,8
1182,WPR_2023,2,1,3,ILL482,2/7/2023,68,129,21.7,5.3
1183,WPR_2023,2,1,3,PI472213,2/7/2023,66,99,23.3,9.3
1184,WPR_2023,2,1,3,PI211052,2/7/2023,84,129,28,10
1185,WPR_2023,2,1,3,PI472549,2/7/2023,66,97,25.7,9.3
1186,WPR_2023,2,1,3,PI431756,2/7/2023,82,129,25.3,7
1188,WPR_2023,2,1,4,PI297767,2/7/2023,84,129,25.3,6.3
1189,WPR_2023,2,1,4,PI426202,2/7/2023,80,127,28.7,12
1190,WPR_2023,2,1,4,ILL906,2/7/2023,80,127,21.7,4.7
1193,WPR_2023,2,1,4,PI420924,2/7/2023,71,127,26.3,10.7
1204,WPR_2023,2,1,4,PI431774,2/7/2023,70,127,25.3,5
1205,WPR_2023,2,1,4,PI299121,2/7/2023,70,127,25,7
1206,WPR_2023,2,1,4,PI432190,2/7/2023,80,129,27.7,7.3
1208,WPR_2023,2,1,4,PI431714,2/7/2023,80,129,24.3,6.3
1209,WPR_2023,2,1,4,PI431618,2/7/2023,75,127,25,10.3
1211,WPR_2023,2,1,3,W627754,2/7/2023,80,129,25.3,8.7
1212,WPR_2023,2,1,3,PI311107,2/7/2023,85,129,26.7,11.3
1214,WPR_2023,2,1,3,W627768,2/7/2023,72,127,24.3,7
1215,WPR_2023,2,1,3,PI472339,2/7/2023,66,98,20.3,5.3
1216,WPR_2023,2,1,3,PI472562,2/7/2023,66,95,23,8
1218,WPR_2023,2,1,5,PI329167,2/7/2023,80,127,29,5.7
1219,WPR_2023,2,1,5,PI193548,2/7/2023,66,98,24,9.3
1220,WPR_2023,2,1,5,PI207492,2/7/2023,80,129,27,13
1221,WPR_2023,2,1,5,ILL600,2/7/2023,80,129,29.7,5.7
1224,WPR_2023,2,1,6,PI432237,2/7/2023,70,127,28,5
1225,WPR_2023,2,1,6,PI432259,2/7/2023,80,129,26.3,12
1227,WPR_2023,2,1,6,PI431656,2/7/2023,76,127,26,6.7
1228,WPR_2023,2,1,6,PI312175,2/7/2023,80,127,33,5
1229,WPR_2023,2,1,6,PI320935,2/7/2023,80,129,26,6.3
1241,WPR_2023,2,1,6,PI357225,2/7/2023,80,127,27,7.7
1242,WPR_2023,2,1,6,PI431633,2/7/2023,76,127,27,6.3
1243,WPR_2023,2,1,6,ILL344,2/7/2023,80,127,17.7,6
1245,WPR_2023,2,1,6,PI472559,2/7/2023,66,98,26,12
1247,WPR_2023,2,1,5,PI420818,2/7/2023,80,129,27,8
1248,WPR_2023,2,1,5,PI299215,2/7/2023,80,129,25.3,6.3
1249,WPR_2023,2,1,5,PI490288,2/7/2023,80,127,25,8.7
1251,WPR_2023,2,1,5,PI251032,2/7/2023,80,129,28.7,10.7
1252,WPR_2023,2,1,5,PI432005,2/7/2023,75,129,30,12.3
1254,WPR_2023,2,1,5,PI458503,2/7/2023,80,127,26.7,10.7
1255,WPR_2023,2,1,5,PI431739,2/7/2023,80,129,24,11.7
1256,WPR_2023,2,1,5,PI329169,2/7/2023,80,127,24,12.3
1257,WPR_2023,2,1,5,PI472188,2/7/2023,66,99,26,7.7
1258,WPR_2023,2,1,5,PI468901,2/7/2023,80,127,27.7,13
1261,WPR_2023,2,1,6,PI300250,2/7/2023,80,127,19.7,4
1262,WPR_2023,2,1,6,ILL241,2/7/2023,80,129,20,6.3
1263,WPR_2023,2,1,6,PI431640,2/7/2023,80,129,23.3,5
1264,WPR_2023,2,1,6,PI299366,2/7/2023,76,127,24,8.3
1265,WPR_2023,2,1,6,ILL1938,2/7/2023,72,127,21.7,6
1276,WPR_2023,2,1,6,W627763,2/7/2023,66,127,25.7,5.7
1277,WPR_2023,2,1,6,PI435954,2/7/2023,80,129,24.7,5.7
1278,WPR_2023,2,1,6,PI193547,2/7/2023,80,129,25.3,13.3
1279,WPR_2023,2,1,6,PI431728,2/7/2023,80,129,23.3,5
1280,WPR_2023,2,1,6,PI472316,2/7/2023,66,99,22,9
1281,WPR_2023,2,1,6,PI518733,2/7/2023,80,127,29.7,12.3
1284,WPR_2023,2,1,5,ILL211,2/7/2023,80,129,24,5
1285,WPR_2023,2,1,5,PI472452,2/7/2023,66,97,24,5
1286,WPR_2023,2,1,5,PI431980,2/7/2023,80,129,25,13.3
1287,WPR_2023,2,1,5,ILL1220,2/7/2023,80,129,26.3,13.7
1288,WPR_2023,2,1,5,PI431663,2/7/2023,80,127,23.3,7.7
1289,WPR_2023,2,1,5,PI431624,2/7/2023,80,129,21.7,7
1290,WPR_2023,2,1,5,PI320937,2/7/2023,82,129,24.3,15
1291,WPR_2023,2,1,5,PI431705,2/7/2023,80,129,23,5.7
1292,WPR_2023,2,1,5,PI368651,2/7/2023,75,129,24.3,5.7
1293,WPR_2023,2,1,5,PI508090,2/7/2023,80,129,26.7,8.3
1294,WPR_2023,2,1,5,PI431684,2/7/2023,80,129,29.3,8.3
1296,WPR_2023,2,1,6,PI431675,2/7/2023,80,129,20.7,4
1297,WPR_2023,2,1,6,W627781,2/7/2023,80,129,22.3,8.3
1298,WPR_2023,2,1,6,PI431630,2/7/2023,93,129,22,6
1300,WPR_2023,2,1,6,PI431873,2/7/2023,80,127,22.3,12.3
1301,WPR_2023,2,1,6,PI577168,2/7/2023,80,129,24,9.7
1312,WPR_2023,2,1,6,PI290716,2/7/2023,80,129,26.7,8.3
1313,WPR_2023,2,1,6,W627758,2/7/2023,80,129,25.7,6.3
1314,WPR_2023,2,1,6,PI606570,2/7/2023,80,127,19.3,4.7
1315,WPR_2023,2,1,6,PI251248,2/7/2023,66,99,19,4.3
1316,WPR_2023,2,1,6,ILL359,2/7/2023,80,127,24.7,9
1319,WPR_2023,2,1,5,PI431636,2/7/2023,76,129,26,8
1320,WPR_2023,2,1,5,PI472354,2/7/2023,66,99,18.3,4
1321,WPR_2023,2,1,5,PI297772,2/7/2023,88,129,21.3,6.3
1324,WPR_2023,2,1,5,PI431768,2/7/2023,71,127,24.7,5
1325,WPR_2023,2,2,7,PI472340,2/7/2023,66,96,22,4
1326,WPR_2023,2,2,7,PI426807,2/7/2023,81,133,19,
1327,WPR_2023,2,2,7,PI250158,2/7/2023,66,97,22,14.3
1328,WPR_2023,2,2,7,ILL969,2/7/2023,80,133,26,21.7
1329,WPR_2023,2,2,7,ILL186,2/7/2023,84,128,16.7,13.3
1330,WPR_2023,2,2,7,PI368647,2/7/2023,82,126,31.7,25.3
1332,WPR_2023,2,2,8,PI299371,2/7/2023,82,126,27.3,25.7
1333,WPR_2023,2,2,8,PI320941,2/7/2023,93,133,22.3,17.3
1334,WPR_2023,2,2,8,PI297754,2/7/2023,81,130,22.7,19
1335,WPR_2023,2,2,8,PI431780,2/7/2023,67,125,22.3,17
1336,WPR_2023,2,2,8,PI533690,2/7/2023,76,,21.7,12
1348,WPR_2023,2,2,8,PI432212,2/7/2023,80,133,21,16.7
1349,WPR_2023,2,2,8,PI299120,2/7/2023,80,126,24,20.7
1350,WPR_2023,2,2,8,ILL610,2/7/2023,88,135,23.7,20.3
1351,WPR_2023,2,2,8,PI299354,2/7/2023,87,135,23.3,20
1352,WPR_2023,2,2,8,PI320944,2/7/2023,80,126,25.3,21.3
1353,WPR_2023,2,2,8,PI193817,2/7/2023,66,97,19,9.7
1355,WPR_2023,2,2,7,PI181771,2/7/2023,80,122,26,22.3
1357,WPR_2023,2,2,7,PI299116,2/7/2023,80,122,21.7,16.3
1358,WPR_2023,2,2,7,PI298645,2/7/2023,81,128,25.3,20.7
1359,WPR_2023,2,2,7,W627756,2/7/2023,93,128,23.3,14
1360,WPR_2023,2,2,7,ILL454,2/7/2023,87,131,28.7,19.7
1361,WPR_2023,2,2,7,PI432085,2/7/2023,77,134,27.3,18.7
1362,WPR_2023,2,2,7,PI178971,2/7/2023,80,125,28,21.3
1363,WPR_2023,2,2,7,PI280686,2/7/2023,72,121,20,11.3
1364,WPR_2023,2,2,7,ILL469,2/7/2023,,135,19.7,18
1365,WPR_2023,2,2,7,PI299177,2/7/2023,82,131,18.3,16.7
1366,WPR_2023,2,2,7,PI472327,2/7/2023,66,97,25.7,11.3
1368,WPR_2023,2,2,8,PI431684,2/7/2023,81,131,31,25.3
1369,WPR_2023,2,2,8,PI420929,2/7/2023,80,121,20,15.3
1370,WPR_2023,2,2,8,PI486127,2/7/2023,80,133,23,15.7
1372,WPR_2023,2,2,8,PI289073,2/7/2023,80,128,24,22.3
1373,WPR_2023,2,2,8,PI320952,2/7/2023,93,133,23.3,21
1384,WPR_2023,2,2,8,ILL1220,2/7/2023,85,125,27,23.7
1385,WPR_2023,2,2,8,PI379368,2/7/2023,80,128,26.3,21.7
1386,WPR_2023,2,2,8,PI383682,2/7/2023,86,135,15.7,14.7
1387,WPR_2023,2,2,8,PI468899,2/7/2023,84,133,20,18.3
1389,WPR_2023,2,2,8,PI297284,2/7/2023,81,128,22,18.7
1391,WPR_2023,2,2,7,PI431613,2/7/2023,75,123,25.3,23.7
1392,WPR_2023,2,2,7,PI289077,2/7/2023,69,123,27.7,15.3
1393,WPR_2023,2,2,7,PI533693,2/7/2023,81,123,27.7,19.3
1394,WPR_2023,2,2,7,W627765,2/7/2023,66,97,26.3,6
1395,WPR_2023,2,2,7,PI476365,2/7/2023,81,123,28.7,25.7
1396,WPR_2023,2,2,7,PI472205,2/7/2023,66,99,28.3,7.3
1397,WPR_2023,2,2,7,PI339283,2/7/2023,85,130,15.7,14.7
1399,WPR_2023,2,2,7,PI472452,2/7/2023,66,98,25.3,7.7
1400,WPR_2023,2,2,7,ILL486,2/7/2023,66,121,25,15
1401,WPR_2023,2,2,7,PI320953,2/7/2023,93,135,20.7,19.3
1402,WPR_2023,2,2,7,PI178939,2/7/2023,82,133,27.3,23
1404,WPR_2023,2,2,8,PI431893,2/7/2023,80,133,28.7,20
1406,WPR_2023,2,2,8,PI289066,2/7/2023,89,135,15,13.7
1407,WPR_2023,2,2,8,PI432188,2/7/2023,76,135,18.3,15.7
1408,WPR_2023,2,2,8,PI426202,2/7/2023,68,,26,8.7
1409,WPR_2023,2,2,8,PI179324,2/7/2023,87,131,24,14.3
1420,WPR_2023,2,2,8,PI431923,2/7/2023,89,134,23.7,21.3
1421,WPR_2023,2,2,8,PI431774,2/7/2023,87,133,25,23.7
1422,WPR_2023,2,2,8,PI169534,2/7/2023,80,131,31.3,24
1423,WPR_2023,2,2,8,PI420924,2/7/2023,71,122,23.3,21
1427,WPR_2023,2,2,7,PI432271,2/7/2023,81,126,31,24.3
1428,WPR_2023,2,2,7,PI431679,2/7/2023,85,130,19.3,17.3
1429,WPR_2023,2,2,7,PI472224,2/7/2023,66,96,19.3,8
1431,WPR_2023,2,2,7,PI606570,2/7/2023,81,131,16.3,14.7
1432,WPR_2023,2,2,7,PI299237,2/7/2023,81,128,21,15.7
1433,WPR_2023,2,2,9,PI431663,2/7/2023,81,123,22,17.3
1434,WPR_2023,2,2,9,PI431710,2/7/2023,83,128,21.3,16
1435,WPR_2023,2,2,9,PI311107,2/7/2023,85,130,27,23.7
1436,WPR_2023,2,2,9,PI429838,2/7/2023,81,128,23.3,19.3
1437,WPR_2023,2,2,9,PI300250,2/7/2023,80,125,18.7,17.3
1438,WPR_2023,2,2,9,PI320954,2/7/2023,81,130,21,19.3
1440,WPR_2023,2,2,10,PI518732,2/7/2023,81,128,27.3,23.7
1441,WPR_2023,2,2,10,ILL344,2/7/2023,83,125,22.3,18.7
1443,WPR_2023,2,2,10,PI431987,2/7/2023,77,123,23.7,18
1444,WPR_2023,2,2,10,PI368651,2/7/2023,80,130,29.3,24.7
1445,WPR_2023,2,2,10,PI472122,2/7/2023,66,96,21.7,6
1456,WPR_2023,2,2,10,PI431810,2/7/2023,80,123,20.7,16.7
1458,WPR_2023,2,2,10,ILL217,2/7/2023,80,130,29.7,23.3
1459,WPR_2023,2,2,10,PI431731,2/7/2023,82,135,22.3,17.7
1460,WPR_2023,2,2,10,W627767,2/7/2023,80,121,20.3,15.3
1461,WPR_2023,2,2,10,PI432005,2/7/2023,76,131,27.3,24.7
1463,WPR_2023,2,2,9,PI163589,2/7/2023,87,131,21,19.3
1464,WPR_2023,2,2,9,PI472632,2/7/2023,72,130,24.7,20
1465,WPR_2023,2,2,9,PI472458,2/7/2023,66,97,13.3,3.7
1466,WPR_2023,2,2,9,PI472372,2/7/2023,66,98,24.3,8.3
1467,WPR_2023,2,2,9,PI432002,2/7/2023,87,123,24.3,16.7
1468,WPR_2023,2,2,9,PI472588,2/7/2023,81,121,20.7,15
1469,WPR_2023,2,2,9,PI490288,2/7/2023,81,125,25.7,18.7
1470,WPR_2023,2,2,9,ILL508,2/7/2023,81,128,26,20.7
1471,WPR_2023,2,2,9,PI297772,2/7/2023,81,130,22.3,20.3
1472,WPR_2023,2,2,9,PI472316,2/7/2023,66,97,21,8.3
1474,WPR_2023,2,2,9,PI370481,2/7/2023,88,131,22.7,21
1476,WPR_2023,2,2,10,PI472320,2/7/2023,66,97,24.7,10
1477,WPR_2023,2,2,10,ILL482,2/7/2023,69,130,23.3,13.7
1478,WPR_2023,2,2,10,PI472136,2/7/2023,66,96,21.3,6.3
1479,WPR_2023,2,2,10,PI472400,2/7/2023,66,99,17.3,4.3
1480,WPR_2023,2,2,10,PI298644,2/7/2023,85,128,24.7,17.7
1481,WPR_2023,2,2,10,PI432259,2/7/2023,84,130,13.3,12
1492,WPR_2023,2,2,10,PI432145,2/7/2023,84,128,20,18.3
1493,WPR_2023,2,2,10,PI431622,2/7/2023,72,123,20.3,18.3
1494,WPR_2023,2,2,10,ILL241,2/7/2023,80,128,17.3,15.7
1495,WPR_2023,2,2,10,PI217949,2/7/2023,66,,22,9.3
1496,WPR_2023,2,2,10,PI468902,2/7/2023,81,128,25.3,22.3
1497,WPR_2023,2,2,10,PI312175,2/7/2023,66,125,25,23
1499,WPR_2023,2,2,9,PI339289,2/7/2023,84,128,21,17
1500,WPR_2023,2,2,9,PI320937,2/7/2023,85,131,23.3,21
1501,WPR_2023,2,2,9,PI435954,2/7/2023,76,128,25.3,23.7
1502,WPR_2023,2,2,9,ILL1922,2/7/2023,81,130,24,22
1503,WPR_2023,2,2,9,ILL357,2/7/2023,66,102,23.7,11.3
1504,WPR_2023,2,2,9,PI289070,2/7/2023,81,128,26.3,24
1506,WPR_2023,2,2,9,W627761,2/7/2023,66,,19.7,9
1507,WPR_2023,2,2,9,PI429369,2/7/2023,80,126,21.3,19
1508,WPR_2023,2,2,9,PI472126,2/7/2023,66,97,23.3,8.3
1509,WPR_2023,2,2,9,PI431756,2/7/2023,83,128,23,21.3
1512,WPR_2023,2,2,10,PI431630,2/7/2023,93,135,19.7,18.3
1513,WPR_2023,2,2,10,PI471917,2/7/2023,81,130,22.7,21
1514,WPR_2023,2,2,10,PI431739,2/7/2023,81,128,21.3,19.7
1515,WPR_2023,2,2,10,PI471916,2/7/2023,80,128,27.3,22.3
1516,WPR_2023,2,2,10,PI432237,2/7/2023,84,128,24.3,19.7
1517,WPR_2023,2,2,10,PI299207,2/7/2023,89,128,25.3,21.7
1528,WPR_2023,2,2,10,PI472590,2/7/2023,85,126,23,21.7
1529,WPR_2023,2,2,10,PI468901,2/7/2023,84,128,23.7,19.7
1530,WPR_2023,2,2,10,PI431888,2/7/2023,88,132,26,24
1531,WPR_2023,2,2,10,PI432106,2/7/2023,84,133,23.3,21
1532,WPR_2023,2,2,10,PI207492,2/7/2023,81,124,22.3,20.7
1533,WPR_2023,2,2,10,PI431636,2/7/2023,80,123,24,22
1535,WPR_2023,2,2,9,PI431675,2/7/2023,81,129,21.3,18
1536,WPR_2023,2,2,9,PI518731,2/7/2023,81,130,25,21
1537,WPR_2023,2,2,9,PI329157,2/7/2023,80,130,27.7,20.3
1538,WPR_2023,2,2,9,PI431728,2/7/2023,81,128,23.7,21
1539,WPR_2023,2,2,9,PI431753,2/7/2023,82,128,21,19.3
1540,WPR_2023,2,2,9,PI432184,2/7/2023,81,128,18.3,15
1541,WPR_2023,2,2,11,ILL537,2/7/2023,81,124,21.7,20.3
1542,WPR_2023,2,2,11,PI320936,2/7/2023,87,126,24,21.3
1543,WPR_2023,2,2,11,W627782,2/7/2023,66,98,21.7,11.3
1544,WPR_2023,2,2,11,ILL324,2/7/2023,80,133,24.7,23
1545,WPR_2023,2,2,11,ILL1940,2/7/2023,66,123,22,14.3
1546,WPR_2023,2,2,11,ILL567,2/7/2023,83,130,20.3,16.3
1548,WPR_2023,2,2,12,PI472562,2/7/2023,66,92,25.7,9.7
1550,WPR_2023,2,2,12,PI374116,2/7/2023,81,130,19.3,17.3
1551,WPR_2023,2,2,12,PI431640,2/7/2023,84,128,22.7,20.3
1552,WPR_2023,2,2,12,PI432147,2/7/2023,85,133,18.7,17.3
1564,WPR_2023,2,2,12,PI343026,2/7/2023,85,128,25.7,24
1565,WPR_2023,2,2,12,PI432001,2/7/2023,66,98,17.3,5
1566,WPR_2023,2,2,12,W627762,2/7/2023,76,,21.3,8.7
1567,WPR_2023,2,2,12,PI426803,2/7/2023,66,98,25,10.3
1568,WPR_2023,2,2,12,PI533691,2/7/2023,80,130,28.3,25
1569,WPR_2023,2,2,12,PI431824,2/7/2023,81,130,25.7,24.7
1571,WPR_2023,2,2,11,ILL341,2/7/2023,89,130,18.7,16.7
1572,WPR_2023,2,2,11,PI472549,2/7/2023,66,99,24.7,9.7
1573,WPR_2023,2,2,11,PI431809,2/7/2023,80,125,21.3,19
1574,WPR_2023,2,2,11,PI432185,2/7/2023,76,126,23,18
1575,WPR_2023,2,2,11,PI178940,2/7/2023,81,130,28.7,24.3
1576,WPR_2023,2,2,11,PI432033,2/7/2023,80,123,23.7,20
1577,WPR_2023,2,2,11,PI472200,2/7/2023,66,,16,5.7
1578,WPR_2023,2,2,11,ILL211,2/7/2023,80,131,19,16.7
1579,WPR_2023,2,2,11,PI426797,2/7/2023,66,,22.3,8
1580,WPR_2023,2,2,11,PI420925,2/7/2023,70,121,22.3,17.7
1581,WPR_2023,2,2,11,W627754,2/7/2023,83,130,27,23.3
1582,WPR_2023,2,2,11,PI298122,2/7/2023,81,130,23.7,21.3
1584,WPR_2023,2,2,12,PI533688,2/7/2023,87,128,22.7,12.3
1585,WPR_2023,2,2,12,W627759,2/7/2023,81,130,25,23
1586,WPR_2023,2,2,12,PI320945,2/7/2023,84,128,17.7,15.3
1587,WPR_2023,2,2,12,PI468900,2/7/2023,81,128,24.7,23
1588,WPR_2023,2,2,12,PI472274,2/7/2023,87,132,14.7,10.3
1589,WPR_2023,2,2,12,PI472119,2/7/2023,66,99,22.3,8
1600,WPR_2023,2,2,12,PI432071,2/7/2023,89,128,23.3,17.3
1601,WPR_2023,2,2,12,PI298023,2/7/2023,88,127,22.3,18
1603,WPR_2023,2,2,12,PI431717,2/7/2023,83,128,22.7,17.7
1604,WPR_2023,2,2,12,W627763,2/7/2023,72,126,22.7,18.3
1605,WPR_2023,2,2,12,PI432028,2/7/2023,85,124,25.3,20
1607,WPR_2023,2,2,11,PI431884,2/7/2023,85,128,25.3,23
1608,WPR_2023,2,2,11,PI472331,2/7/2023,66,99,21,10
1609,WPR_2023,2,2,11,PI297767,2/7/2023,93,131,18.7,17.3
1610,WPR_2023,2,2,11,PI472354,2/7/2023,66,99,18,6.7
1611,WPR_2023,2,2,11,PI298631,2/7/2023,83,130,21,19.3
1613,WPR_2023,2,2,11,PI472380,2/7/2023,66,98,22.7,7
1614,WPR_2023,2,2,11,ILL413,2/7/2023,85,131,15,13.3
1615,WPR_2023,2,2,11,PI432245,2/7/2023,66,124,24,17.7
1616,WPR_2023,2,2,11,PI432236,2/7/2023,81,131,21,19.3
1617,WPR_2023,2,2,11,PI518733,2/7/2023,85,130,24.3,18.3
1618,WPR_2023,2,2,11,PI181886,2/7/2023,85,128,23.7,18
1620,WPR_2023,2,2,12,PI432059,2/7/2023,72,126,23.3,21.3
1621,WPR_2023,2,2,12,PI308614,2/7/2023,81,128,21,17.7
1622,WPR_2023,2,2,12,PI298922,2/7/2023,84,131,18,15.3
1623,WPR_2023,2,2,12,PI299215,2/7/2023,81,130,16.7,15.7
1625,WPR_2023,2,2,12,W627781,2/7/2023,93,132,21,19.3
1636,WPR_2023,2,2,12,PI458503,2/7/2023,80,128,23,21.7
1637,WPR_2023,2,2,12,PI431705,2/7/2023,85,130,27,21.7
1638,WPR_2023,2,2,12,PI432201,2/7/2023,80,130,28.3,25
1639,WPR_2023,2,2,12,PI472383,2/7/2023,66,97,21.7,7.3
1640,WPR_2023,2,2,12,PI431633,2/7/2023,80,128,25,21
1641,WPR_2023,2,2,12,PI431631,2/7/2023,80,130,26,24
1644,WPR_2023,2,2,11,PI431666,2/7/2023,81,124,23.3,15.7
1645,WPR_2023,2,2,11,PI472416,2/7/2023,66,97,18.3,8
1646,WPR_2023,2,2,11,ILL440,2/7/2023,89,131,17.7,10.7
1647,WPR_2023,2,2,11,PI472175,2/7/2023,66,97,18.7,6
1648,WPR_2023,2,2,11,ILL600,2/7/2023,85,128,33.3,25
1001,CHE_2023,3,1,1,PI432185,2/20/2023,80,,,
1002,CHE_2023,3,1,1,PI320936,2/20/2023,78,103,28.3,18.3
1003,CHE_2023,3,1,1,PI289079,2/20/2023,84,,27.7,23.7
1004,CHE_2023,3,1,1,PI432201,2/20/2023,80,,20.3,13.3
1005,CHE_2023,3,1,1,PI431613,2/20/2023,77,,18.3,12.3
1006,CHE_2023,3,1,1,ILL360,2/20/2023,80,,21.3,16.3
1007,CHE_2023,3,1,2,PI320952,2/20/2023,91,,29.3,23
1008,CHE_2023,3,1,2,PI518731,2/20/2023,78,,21.7,11.3
1009,CHE_2023,3,1,2,PI431679,2/20/2023,77,,20.7,11.3
1010,CHE_2023,3,1,2,PI298645,2/20/2023,89,,24.3,16.7
1011,CHE_2023,3,1,2,PI477921,2/20/2023,77,,23.7,
1012,CHE_2023,3,1,2,ILL1922,2/20/2023,82,,24.7,15.7
1014,CHE_2023,3,1,3,PI533688,2/20/2023,83,,25.7,15.7
1015,CHE_2023,3,1,3,PI298357,2/20/2023,79,,26.3,12.7
1016,CHE_2023,3,1,3,PI431710,2/20/2023,77,,15.3,10.7
1019,CHE_2023,3,1,3,PI299351,2/20/2023,77,111,19.7,13.3
1020,CHE_2023,3,1,3,PI472484,2/20/2023,60,91,18.7,
1021,CHE_2023,3,1,3,ILL610,2/20/2023,83,,27.3,
1022,CHE_2023,3,1,3,PI432271,2/20/2023,82,111,40.3,27
1023,CHE_2023,3,1,3,PI472416,2/20/2023,61,92,17.3,
1024,CHE_2023,3,1,3,PI432085,2/20/2023,77,,14.7,7.7
1025,CHE_2023,3,1,2,PI451763,2/20/2023,81,,22.7,17.7
1026,CHE_2023,3,1,2,PI472590,2/20/2023,68,,,
1027,CHE_2023,3,1,2,PI370481,2/20/2023,85,,25.3,14.7
1029,CHE_2023,3,1,2,PI472488,2/20/2023,59,91,23.3,
1030,CHE_2023,3,1,2,PI299289,2/20/2023,80,,23.3,13.7
1032,CHE_2023,3,1,1,PI308614,2/20/2023,77,,24.7,16.3
1033,CHE_2023,3,1,1,PI431643,2/20/2023,78,110,23.3,14
1034,CHE_2023,3,1,1,PI429369,2/20/2023,71,,,
1035,CHE_2023,3,1,1,W627767,2/20/2023,80,,16.7,12.3
1036,CHE_2023,3,1,1,W627766,2/20/2023,67,102,22.3,9
1037,CHE_2023,3,1,1,PI472615,2/20/2023,69,102,22.3,14
1038,CHE_2023,3,1,1,PI518732,2/20/2023,83,,21.3,13.7
1039,CHE_2023,3,1,1,PI472535,2/20/2023,52,88,20.7,
1041,CHE_2023,3,1,1,PI432286,2/20/2023,89,,15.3,9
1042,CHE_2023,3,1,1,PI472629,2/20/2023,89,,13.7,8.7
1043,CHE_2023,3,1,2,PI299285,2/20/2023,89,,,
1045,CHE_2023,3,1,2,PI432033,2/20/2023,76,,25.7,10.7
1046,CHE_2023,3,1,2,PI431631,2/20/2023,82,,,
1047,CHE_2023,3,1,2,PI472274,2/20/2023,60,92,17.7,
1050,CHE_2023,3,1,3,ILL1924,2/20/2023,77,,26.7,19.7
1051,CHE_2023,3,1,3,PI298644,2/20/2023,85,,19.7,13.7
1052,CHE_2023,3,1,3,ILL167,2/20/2023,77,,32.3,20.3
1053,CHE_2023,3,1,3,PI320944,2/20/2023,76,,29.3,20
1055,CHE_2023,3,1,3,PI358602,2/20/2023,83,,29.3,15.7
1056,CHE_2023,3,1,3,PI533690,2/20/2023,84,,,
1057,CHE_2023,3,1,3,PI193817,2/20/2023,55,98,17.3,
1058,CHE_2023,3,1,3,PI217949,2/20/2023,,,27.3,12.7
1059,CHE_2023,3,1,3,PI299177,2/20/2023,79,,30.3,18.7
1060,CHE_2023,3,1,3,PI431884,2/20/2023,87,,,
1061,CHE_2023,3,1,2,PI212100,2/20/2023,78,,19.3,9.7
1062,CHE_2023,3,1,2,PI533693,2/20/2023,79,,23.3,15
1063,CHE_2023,3,1,2,PI297285,2/20/2023,81,,25.3,18
1064,CHE_2023,3,1,2,PI472380,2/20/2023,57,91,19.3,
1065,CHE_2023,3,1,2,PI420925,2/20/2023,83,,,
1066,CHE_2023,3,1,2,ILL567,2/20/2023,83,,,
1067,CHE_2023,3,1,1,PI374120,2/20/2023,83,,18.3,15.3
1069,CHE_2023,3,1,1,PI533691,2/20/2023,81,116,25.3,13.7
1070,CHE_2023,3,1,1,PI432000,2/20/2023,,,16.7,
1071,CHE_2023,3,1,1,PI299237,2/20/2023,77,,16.3,11
1072,CHE_2023,3,1,1,PI431731,2/20/2023,77,,18.3,11.7
1073,CHE_2023,3,1,1,ILL324,2/20/2023,84,,22.3,16
1074,CHE_2023,3,1,1,PI486127,2/20/2023,90,,14.7,
1075,CHE_2023,3,1,1,PI486128,2/20/2023,83,,21.7,14.7
1076,CHE_2023,3,1,1,PI451766,2/20/2023,91,,16.7,15.7
1077,CHE_2023,3,1,1,PI432184,2/20/2023,,,14.3,9.7
1078,CHE_2023,3,1,1,PI431893,2/20/2023,90,,18.7,15.7
1079,CHE_2023,3,1,2,PI432245,2/20/2023,75,,15.3,8.7
1080,CHE_2023,3,1,2,PI343026,2/20/2023,76,,16.7,10
1081,CHE_2023,3,1,2,PI431780,2/20/2023,74,,13.7,10
1082,CHE_2023,3,1,2,PI299163,2/20/2023,88,,,
1083,CHE_2023,3,1,2,PI320954,2/20/2023,85,,13.3,10.3
1084,CHE_2023,3,1,2,PI320945,2/20/2023,83,,,
1085,CHE_2023,3,1,3,PI432145,2/20/2023,77,,22.3,14.7
1086,CHE_2023,3,1,3,PI472205,2/20/2023,53,88,18.3,
1087,CHE_2023,3,1,3,PI299164,2/20/2023,76,,26.3,16.7
1088,CHE_2023,3,1,3,PI431717,2/20/2023,77,,19.7,9.7
1089,CHE_2023,3,1,3,PI432087,2/20/2023,65,102,18.7,10.3
1091,CHE_2023,3,1,3,ILL537,2/20/2023,84,,,
1092,CHE_2023,3,1,3,PI273664,2/20/2023,62,95,17.3,
1093,CHE_2023,3,1,3,PI472175,2/20/2023,54,,14.3,
1094,CHE_2023,3,1,3,PI431888,2/20/2023,87,,19.7,
1095,CHE_2023,3,1,3,W627762,2/20/2023,65,,24.7,17
1096,CHE_2023,3,1,3,PI431712,2/20/2023,77,,20.3,9.7
1098,CHE_2023,3,1,2,ILL435,2/20/2023,81,,,
1099,CHE_2023,3,1,2,PI476365,2/20/2023,84,,22.7,21.7
1100,CHE_2023,3,1,2,PI472331,2/20/2023,54,91,14.7,
1101,CHE_2023,3,1,2,PI297754,2/20/2023,79,,24.3,13.7
1102,CHE_2023,3,1,2,PI426784,2/20/2023,60,,15.7,
1103,CHE_2023,3,1,1,PI429838,2/20/2023,81,,16.7,9.7
1104,CHE_2023,3,1,1,PI289066,2/20/2023,83,,16.7,13.3
1106,CHE_2023,3,1,1,PI490289,2/20/2023,79,111,21.7,12
1107,CHE_2023,3,1,1,PI289070,2/20/2023,85,,22.7,
1108,CHE_2023,3,1,1,PI374121,2/20/2023,77,,20.3,14.3
1109,CHE_2023,3,1,4,PI431753,2/20/2023,77,,23.3,13.7
1110,CHE_2023,3,1,4,PI472122,2/20/2023,54,,,
1111,CHE_2023,3,1,4,PI426807,2/20/2023,69,102,14.3,8
1112,CHE_2023,3,1,4,PI471917,2/20/2023,84,,12.3,9.7
1113,CHE_2023,3,1,4,PI468900,2/20/2023,83,,21.7,11
1114,CHE_2023,3,1,4,PI431824,2/20/2023,77,,19.3,12.7
1115,CHE_2023,3,1,5,W627780,2/20/2023,62,101,18.7,13.7
1116,CHE_2023,3,1,5,PI472632,2/20/2023,76,,17.3,9.7
1117,CHE_2023,3,1,5,PI169534,2/20/2023,83,,30.7,18.7
1118,CHE_2023,3,1,5,ILL469,2/20/2023,81,,28.7,19.3
1119,CHE_2023,3,1,5,PI432071,2/20/2023,77,,17.3,15
1120,CHE_2023,3,1,5,ILL486,2/20/2023,64,102,21.7,11.7
1121,CHE_2023,3,1,6,PI412922,2/20/2023,73,,18.3,9.7
1122,CHE_2023,3,1,6,PI432059,2/20/2023,63,,18.7,11.7
1123,CHE_2023,3,1,6,PI181771,2/20/2023,82,,25.7,8.7
1124,CHE_2023,3,1,6,PI468902,2/20/2023,77,,31.7,23
1125,CHE_2023,3,1,6,W627765,2/20/2023,57,92,24.7,
1126,CHE_2023,3,1,6,PI472383,2/20/2023,50,91,12.3,
1127,CHE_2023,3,1,6,PI472561,2/20/2023,58,91,24.3,
1129,CHE_2023,3,1,6,PI431810,2/20/2023,81,,,
1130,CHE_2023,3,1,6,PI175754,2/20/2023,67,102,20.7,10
1131,CHE_2023,3,1,6,ILL969,2/20/2023,77,,,
1132,CHE_2023,3,1,6,PI432147,2/20/2023,82,,19.7,10.3
1133,CHE_2023,3,1,5,PI178971,2/20/2023,81,,17.3,9.7
1134,CHE_2023,3,1,5,PI431622,2/20/2023,77,,16.7,8
1136,CHE_2023,3,1,5,PI472119,2/20/2023,60,92,16.7,
1137,CHE_2023,3,1,5,PI339283,2/20/2023,77,,,
1138,CHE_2023,3,1,5,PI472137,2/20/2023,59,91,16.7,
1139,CHE_2023,3,1,4,PI432001,2/20/2023,78,,16.3,11.7
1140,CHE_2023,3,1,4,PI472195,2/20/2023,59,,,
1141,CHE_2023,3,1,4,PI339310,2/20/2023,,,11.3,7
1142,CHE_2023,3,1,4,PI472320,2/20/2023,56,88,17.3,
1143,CHE_2023,3,1,4,PI472569,2/20/2023,60,91,16.7,
1144,CHE_2023,3,1,4,W627761,2/20/2023,61,101,22.3,11.7
1146,CHE_2023,3,1,4,PI472327,2/20/2023,60,88,17.7,
1147,CHE_2023,3,1,4,PI297787,2/20/2023,,,15.3,
1148,CHE_2023,3,1,4,PI163589,2/20/2023,,,12.3,8.7
1150,CHE_2023,3,1,4,PI432212,2/20/2023,77,,18.3,7.7
1151,CHE_2023,3,1,5,PI432236,2/20/2023,80,,17.3,8.7
1152,CHE_2023,3,1,5,PI320941,2/20/2023,,,12.3,6.7
1154,CHE_2023,3,1,5,PI431923,2/20/2023,83,,15.7,11
1156,CHE_2023,3,1,5,PI426778,2/20/2023,81,,12.3,7
1158,CHE_2023,3,1,6,W627759,2/20/2023,81,,26.7,19.3
1159,CHE_2023,3,1,6,W627782,2/20/2023,60,95,26.3,
1160,CHE_2023,3,1,6,PI283604,2/20/2023,82,116,28.3,18.7
1161,CHE_2023,3,1,6,PI320953,2/20/2023,91,,22.3,14
1162,CHE_2023,3,1,6,PI432106,2/20/2023,80,,,
1163,CHE_2023,3,1,6,PI472161,2/20/2023,52,86,,
1164,CHE_2023,3,1,6,PI178940,2/20/2023,84,111,25.3,15.7
1165,CHE_2023,3,1,6,PI432124,2/20/2023,77,102,21.7,9
1166,CHE_2023,3,1,6,PI339289,2/20/2023,80,109,26.7,16.7
1167,CHE_2023,3,1,6,PI472224,2/20/2023,60,92,25.7,
1168,CHE_2023,3,1,6,ILL1940,2/20/2023,70,,14.3,10.7
1169,CHE_2023,3,1,5,PI179324,2/20/2023,84,,22.3,11.7
1170,CHE_2023,3,1,5,PI181886,2/20/2023,83,,22.3,12
1171,CHE_2023,3,1,5,PI298631,2/20/2023,84,,23.3,12
1172,CHE_2023,3,1,5,PI299120,2/20/2023,77,,15.7,9.3
1173,CHE_2023,3,1,5,PI472143,2/20/2023,83,,16.7,9.7
1174,CHE_2023,3,1,5,PI471916,2/20/2023,87,,12.3,10
1176,CHE_2023,3,1,4,PI329157,2/20/2023,83,,19.7,11.7
1177,CHE_2023,3,1,4,PI182217,2/20/2023,84,,11.3,9
1178,CHE_2023,3,1,4,PI472588,2/20/2023,69,,17.3,10.7
1179,CHE_2023,3,1,4,PI289077,2/20/2023,60,,15.7,
1180,CHE_2023,3,1,4,PI431987,2/20/2023,71,,,
1183,CHE_2023,3,1,4,PI472213,2/20/2023,58,103,18.3,8.7
1184,CHE_2023,3,1,4,PI211052,2/20/2023,84,,14.3,7.7
1185,CHE_2023,3,1,4,PI472549,2/20/2023,60,92,19.7,
1186,CHE_2023,3,1,4,PI431756,2/20/2023,78,,12.7,9.7
1187,CHE_2023,3,1,5,PI339285,2/20/2023,88,,15.3,11.3
1189,CHE_2023,3,1,5,PI426202,2/20/2023,84,,25.3,14.7
1190,CHE_2023,3,1,5,ILL906,2/20/2023,77,,24.3,14.3
1192,CHE_2023,3,1,5,ILL440,2/20/2023,83,,15.3,10.7
1193,CHE_2023,3,1,6,PI420924,2/20/2023,76,,20.7,15.3
1194,CHE_2023,3,1,6,PI368647,2/20/2023,83,116,28.3,20.3
1195,CHE_2023,3,1,6,W627760,2/20/2023,77,102,25.7,12.7
1197,CHE_2023,3,1,6,PI211602,2/20/2023,83,,17.3,8.7
1198,CHE_2023,3,1,6,PI472194,2/20/2023,52,86,,
1199,CHE_2023,3,1,6,PI431666,2/20/2023,73,,23.7,12.3
1200,CHE_2023,3,1,6,PI472372,2/20/2023,60,95,22.3,
1201,CHE_2023,3,1,6,PI178939,2/20/2023,83,,35.7,25
1203,CHE_2023,3,1,6,ILL357,2/20/2023,67,102,26.7,12.3
1204,CHE_2023,3,1,6,PI431774,2/20/2023,63,98,17.7,
1205,CHE_2023,3,1,5,PI299121,2/20/2023,74,111,21.7,10.7
1206,CHE_2023,3,1,5,PI432190,2/20/2023,84,,27.7,14.7
1208,CHE_2023,3,1,5,PI431714,2/20/2023,77,111,20.3,13.3
1209,CHE_2023,3,1,5,PI431618,2/20/2023,,,15.3,
1210,CHE_2023,3,1,5,PI345627,2/20/2023,89,,20.7,11
1211,CHE_2023,3,1,4,W627754,2/20/2023,85,,23.7,19.7
1212,CHE_2023,3,1,4,PI311107,2/20/2023,,,14.7,14.7
1214,CHE_2023,3,1,4,W627768,2/20/2023,69,,24.7,10.7
1215,CHE_2023,3,1,4,PI472339,2/20/2023,52,88,12.7,
1216,CHE_2023,3,1,4,PI472562,2/20/2023,62,91,17.3,
1218,CHE_2023,3,1,7,PI329167,2/20/2023,75,,15.3,12.3
1219,CHE_2023,3,1,7,PI193548,2/20/2023,59,91,23.7,
1220,CHE_2023,3,1,7,PI207492,2/20/2023,77,110,26.7,12
1221,CHE_2023,3,1,7,ILL600,2/20/2023,,,18.3,12.7
1223,CHE_2023,3,1,8,PI432188,2/20/2023,,,13.3,
1224,CHE_2023,3,1,8,PI432237,2/20/2023,77,,18.7,12.7
1225,CHE_2023,3,1,8,PI432259,2/20/2023,81,,18.3,
1227,CHE_2023,3,1,8,PI431656,2/20/2023,73,,24.7,16.7
1228,CHE_2023,3,1,8,PI312175,2/20/2023,76,,17.7,11.3
1229,CHE_2023,3,1,9,PI320935,2/20/2023,79,,17.3,13
1230,CHE_2023,3,1,9,PI250156,2/20/2023,69,103,15.7,8.3
1231,CHE_2023,3,1,9,PI420929,2/20/2023,77,,20.3,12.7
1232,CHE_2023,3,1,9,PI379368,2/20/2023,77,,32.7,21
1233,CHE_2023,3,1,9,PI250158,2/20/2023,60,91,19.3,
1234,CHE_2023,3,1,9,PI297287,2/20/2023,77,110,21.7,12.7
1235,CHE_2023,3,1,9,PI374116,2/20/2023,77,116,17.3,13
1236,CHE_2023,3,1,9,PI472200,2/20/2023,59,88,13.3,
1237,CHE_2023,3,1,9,PI238758,2/20/2023,80,,28.3,23.7
1239,CHE_2023,3,1,9,PI299354,2/20/2023,87,,26.3,17.7
1241,CHE_2023,3,1,9,PI357225,2/20/2023,77,110,27.7,13.7
1242,CHE_2023,3,1,8,PI431633,2/20/2023,74,,24.7,17.3
1243,CHE_2023,3,1,8,ILL344,2/20/2023,80,,13.7,
1245,CHE_2023,3,1,8,PI472559,2/20/2023,61,92,21.7,
1246,CHE_2023,3,1,8,PI426803,2/20/2023,60,88,22.3,
1247,CHE_2023,3,1,7,PI420818,2/20/2023,83,,23.7,12.7
1248,CHE_2023,3,1,7,PI299215,2/20/2023,77,,12.7,7.7
1249,CHE_2023,3,1,7,PI490288,2/20/2023,77,111,28.3,15.7
1251,CHE_2023,3,1,7,PI251032,2/20/2023,77,,21.7,14
1252,CHE_2023,3,1,7,PI432005,2/20/2023,68,102,31.7,14
1254,CHE_2023,3,1,7,PI458503,2/20/2023,83,,,
1255,CHE_2023,3,1,7,PI431739,2/20/2023,77,,20.3,10.7
1256,CHE_2023,3,1,7,PI329169,2/20/2023,81,,18.3,13
1257,CHE_2023,3,1,7,PI472188,2/20/2023,56,91,15.7,
1258,CHE_2023,3,1,7,PI468901,2/20/2023,84,,23.3,13.7
1259,CHE_2023,3,1,8,PI472136,2/20/2023,60,91,18.7,
1261,CHE_2023,3,1,8,PI300250,2/20/2023,81,,13.7,8.7
1262,CHE_2023,3,1,8,ILL241,2/20/2023,,,21.3,9.7
1263,CHE_2023,3,1,8,PI431640,2/20/2023,77,,24.3,13.7
1264,CHE_2023,3,1,8,PI299366,2/20/2023,83,,23.7,12.7
1265,CHE_2023,3,1,9,ILL1938,2/20/2023,75,111,23.3,10.7
1266,CHE_2023,3,1,9,PI518734,2/20/2023,84,,28.7,15
1267,CHE_2023,3,1,9,PI299371,2/20/2023,82,,25.7,14
1268,CHE_2023,3,1,9,PI431642,2/20/2023,71,,26.7,19.3
1269,CHE_2023,3,1,9,PI426797,2/20/2023,62,98,25.3,
1270,CHE_2023,3,1,9,PI298922,2/20/2023,84,,11.7,8.7
1271,CHE_2023,3,1,9,PI280686,2/20/2023,59,101,22.3,7
1272,CHE_2023,3,1,9,ILL151,2/20/2023,,,19.7,14.7
1273,CHE_2023,3,1,9,ILL217,2/20/2023,77,,28.3,16
1274,CHE_2023,3,1,9,PI472340,2/20/2023,54,86,13.3,
1275,CHE_2023,3,1,9,ILL341,2/20/2023,83,,19.7,13.7
1276,CHE_2023,3,1,9,W627763,2/20/2023,70,,21.7,13.7
1277,CHE_2023,3,1,8,PI435954,2/20/2023,73,,18.3,10.7
1278,CHE_2023,3,1,8,PI193547,2/20/2023,77,,17.3,11
1279,CHE_2023,3,1,8,PI431728,2/20/2023,77,,19.7,11
1280,CHE_2023,3,1,8,PI472316,2/20/2023,57,92,19.7,
1281,CHE_2023,3,1,8,PI518733,2/20/2023,83,,16.7,13.3
1282,CHE_2023,3,1,8,PI299116,2/20/2023,77,111,23.7,16.7
1284,CHE_2023,3,1,7,ILL211,2/20/2023,,,22.3,12.7
1285,CHE_2023,3,1,7,PI472452,2/20/2023,54,92,17.3,
1286,CHE_2023,3,1,7,PI431980,2/20/2023,83,,14.7,10
1287,CHE_2023,3,1,7,ILL1220,2/20/2023,82,,25.3,13.7
1288,CHE_2023,3,1,7,PI431663,2/20/2023,77,,10.7,7.7
1289,CHE_2023,3,1,7,PI431624,2/20/2023,83,,16.3,6.7
1290,CHE_2023,3,1,7,PI320937,2/20/2023,90,,,
1291,CHE_2023,3,1,7,PI431705,2/20/2023,77,,13.7,8.7
1292,CHE_2023,3,1,7,PI368651,2/20/2023,,,21.3,11.7
1293,CHE_2023,3,1,7,PI508090,2/20/2023,77,,25.3,14.3
1294,CHE_2023,3,1,7,PI431684,2/20/2023,81,,29.7,19
1295,CHE_2023,3,1,8,PI472564,2/20/2023,75,,21.3,12.7
1296,CHE_2023,3,1,8,PI431675,2/20/2023,77,,23.3,10.7
1297,CHE_2023,3,1,8,W627781,2/20/2023,85,,25.3,15.7
1298,CHE_2023,3,1,8,PI431630,2/20/2023,,,20.3,12.7
1300,CHE_2023,3,1,8,PI431873,2/20/2023,80,,13.7,10
1301,CHE_2023,3,1,9,PI577168,2/20/2023,77,,24.3,14.3
1302,CHE_2023,3,1,9,PI432028,2/20/2023,77,,21.7,12.7
1303,CHE_2023,3,1,9,PI251784,2/20/2023,77,,31.3,19
1304,CHE_2023,3,1,9,ILL508,2/20/2023,77,,18.7,10.7
1305,CHE_2023,3,1,9,PI297284,2/20/2023,77,,21.7,18
1306,CHE_2023,3,1,9,ILL454,2/20/2023,85,,20.3,14.7
1308,CHE_2023,3,1,9,PI289073,2/20/2023,91,,20.7,14.7
1309,CHE_2023,3,1,9,PI298122,2/20/2023,77,,28.7,18.7
1310,CHE_2023,3,1,9,PI299207,2/20/2023,75,,19.3,13.7
1311,CHE_2023,3,1,9,PI468899,2/20/2023,89,,24.7,19.3
1312,CHE_2023,3,1,9,PI290716,2/20/2023,77,,22.3,14
1313,CHE_2023,3,1,8,W627758,2/20/2023,78,,20.3,6.7
1314,CHE_2023,3,1,8,PI606570,2/20/2023,73,,16.7,7.7
1315,CHE_2023,3,1,8,PI251248,2/20/2023,56,88,16.7,
1316,CHE_2023,3,1,8,ILL359,2/20/2023,84,,20.3,13.7
1318,CHE_2023,3,1,8,PI432002,2/20/2023,89,,14.7,12
1319,CHE_2023,3,1,7,PI431636,2/20/2023,90,,,
1320,CHE_2023,3,1,7,PI472354,2/20/2023,50,88,11.7,
1321,CHE_2023,3,1,7,PI297772,2/20/2023,,,15.3,12
1325,CHE_2023,3,2,10,PI472340,2/20/2023,51,86,14.3,
1326,CHE_2023,3,2,10,PI426807,2/20/2023,70,,13.3,9
1327,CHE_2023,3,2,10,PI250158,2/20/2023,60,88,,
1328,CHE_2023,3,2,10,ILL969,2/20/2023,84,,19.3,16.7
1330,CHE_2023,3,2,10,PI368647,2/20/2023,85,,30.3,19
1331,CHE_2023,3,2,11,PI577168,2/20/2023,88,,20.3,15.7
1332,CHE_2023,3,2,11,PI299371,2/20/2023,85,,32.7,19.7
1333,CHE_2023,3,2,11,PI320941,2/20/2023,,,18.3,
1334,CHE_2023,3,2,11,PI297754,2/20/2023,81,,22.7,14.7
1335,CHE_2023,3,2,11,PI431780,2/20/2023,74,,15.3,8.7
1336,CHE_2023,3,2,11,PI533690,2/20/2023,80,,26.7,15.7
1338,CHE_2023,3,2,12,PI432124,2/20/2023,75,,21.3,10
1339,CHE_2023,3,2,12,PI431714,2/20/2023,80,,,
1341,CHE_2023,3,2,12,PI472488,2/20/2023,60,88,,
1342,CHE_2023,3,2,12,ILL360,2/20/2023,76,,25.3,19.3
1343,CHE_2023,3,2,12,PI250156,2/20/2023,74,,,
1344,CHE_2023,3,2,12,PI472137,2/20/2023,60,88,,
1345,CHE_2023,3,2,12,PI211602,2/20/2023,88,,12.7,9.7
1346,CHE_2023,3,2,12,PI472339,2/20/2023,51,88,,
1347,CHE_2023,3,2,12,PI472188,2/20/2023,50,88,,
1348,CHE_2023,3,2,12,PI432212,2/20/2023,77,116,20.3,11
1349,CHE_2023,3,2,11,PI299120,2/20/2023,76,,19.3,9.7
1350,CHE_2023,3,2,11,ILL610,2/20/2023,84,,21.3,12
1351,CHE_2023,3,2,11,PI299354,2/20/2023,84,,23.3,16.7
1352,CHE_2023,3,2,11,PI320944,2/20/2023,76,,26.3,19.7
1353,CHE_2023,3,2,11,PI193817,2/20/2023,61,88,,
1354,CHE_2023,3,2,11,PI432087,2/20/2023,63,102,19.3,10.7
1355,CHE_2023,3,2,10,PI181771,2/20/2023,81,,18.7,15
1357,CHE_2023,3,2,10,PI299116,2/20/2023,76,111,21.3,13.3
1358,CHE_2023,3,2,10,PI298645,2/20/2023,84,,26.3,14.7
1360,CHE_2023,3,2,10,ILL454,2/20/2023,92,,24.3,19
1361,CHE_2023,3,2,10,PI432085,2/20/2023,71,,24.3,10.7
1362,CHE_2023,3,2,10,PI178971,2/20/2023,77,110,23.7,16
1363,CHE_2023,3,2,10,PI280686,2/20/2023,61,86,24.3,
1364,CHE_2023,3,2,10,ILL469,2/20/2023,79,,26.7,16.7
1365,CHE_2023,3,2,10,PI299177,2/20/2023,78,,26.3,16.7
1366,CHE_2023,3,2,10,PI472327,2/20/2023,60,88,,
1368,CHE_2023,3,2,11,PI431684,2/20/2023,84,,20.3,18.7
1372,CHE_2023,3,2,11,PI289073,2/20/2023,77,116,19.7,9.7
1373,CHE_2023,3,2,12,PI320952,2/20/2023,85,,23.3,16.7
1374,CHE_2023,3,2,12,PI238758,2/20/2023,84,,23.3,15
1375,CHE_2023,3,2,12,PI431618,2/20/2023,,,13.7,10
1377,CHE_2023,3,2,12,PI431712,2/20/2023,77,,13.3,10.7
1378,CHE_2023,3,2,12,PI472535,2/20/2023,50,86,15.7,
1379,CHE_2023,3,2,12,PI472561,2/20/2023,60,88,,
1382,CHE_2023,3,2,12,PI299366,2/20/2023,83,,16.3,11
1383,CHE_2023,3,2,12,PI251032,2/20/2023,75,,17.7,12.7
1384,CHE_2023,3,2,12,ILL1220,2/20/2023,76,,16.7,11.7
1385,CHE_2023,3,2,11,PI379368,2/20/2023,80,,20.7,9.7
1386,CHE_2023,3,2,11,PI383682,2/20/2023,89,,14.7,8
1387,CHE_2023,3,2,11,PI468899,2/20/2023,81,,19.7,12
1389,CHE_2023,3,2,11,PI297284,2/20/2023,77,,22.3,15.7
1390,CHE_2023,3,2,11,PI299289,2/20/2023,81,,20.3,19
1391,CHE_2023,3,2,10,PI431613,2/20/2023,75,,25.3,17.7
1392,CHE_2023,3,2,10,PI289077,2/20/2023,60,,16.3,9
1393,CHE_2023,3,2,10,PI533693,2/20/2023,77,116,27.7,19.7
1394,CHE_2023,3,2,10,W627765,2/20/2023,60,86,,
1395,CHE_2023,3,2,10,PI476365,2/20/2023,81,,28.7,15.7
1396,CHE_2023,3,2,10,PI472205,2/20/2023,53,88,,
1397,CHE_2023,3,2,10,PI339283,2/20/2023,77,,11.7,7.7
1399,CHE_2023,3,2,10,PI472452,2/20/2023,52,88,20.3,
1400,CHE_2023,3,2,10,ILL486,2/20/2023,64,101,19.7,10
1401,CHE_2023,3,2,10,PI320953,2/20/2023,89,,21.7,17
1402,CHE_2023,3,2,10,PI178939,2/20/2023,83,,29.3,17
1403,CHE_2023,3,2,11,ILL1939,2/20/2023,75,,20.7,17
1404,CHE_2023,3,2,11,PI431893,2/20/2023,,,19.7,
1407,CHE_2023,3,2,11,PI432188,2/20/2023,,,13.7,8.7
1408,CHE_2023,3,2,11,PI426202,2/20/2023,77,,21.7,14.7
1409,CHE_2023,3,2,12,PI179324,2/20/2023,,,12.7,9.7
1410,CHE_2023,3,2,12,ILL1924,2/20/2023,79,,24.7,17.3
1411,CHE_2023,3,2,12,PI374120,2/20/2023,,,15.7,12
1412,CHE_2023,3,2,12,PI451763,2/20/2023,84,,18.7,17.7
1413,CHE_2023,3,2,12,W627758,2/20/2023,77,,19.7,10.7
1414,CHE_2023,3,2,12,PI508090,2/20/2023,82,,,
1416,CHE_2023,3,2,12,PI357225,2/20/2023,,,13.3,9.7
1417,CHE_2023,3,2,12,PI299164,2/20/2023,77,,16.7,13.3
1419,CHE_2023,3,2,12,PI329169,2/20/2023,76,,12.3,12
1420,CHE_2023,3,2,12,PI431923,2/20/2023,,,12.7,11.3
1421,CHE_2023,3,2,11,PI431774,2/20/2023,61,98,22.7,
1422,CHE_2023,3,2,11,PI169534,2/20/2023,82,,18.7,13.7
1423,CHE_2023,3,2,11,PI420924,2/20/2023,76,111,25.7,13
1426,CHE_2023,3,2,11,PI374121,2/20/2023,75,,21.7,17
1427,CHE_2023,3,2,10,PI432271,2/20/2023,81,,24.7,16.7
1428,CHE_2023,3,2,10,PI431679,2/20/2023,79,,13.3,10.7
1429,CHE_2023,3,2,10,PI472224,2/20/2023,60,88,21.3,
1431,CHE_2023,3,2,10,PI606570,2/20/2023,74,,19.3,13.7
1432,CHE_2023,3,2,10,PI299237,2/20/2023,80,,17.3,11.3
1433,CHE_2023,3,2,13,PI431663,2/20/2023,76,102,20.7,11
1434,CHE_2023,3,2,13,PI431710,2/20/2023,75,102,19.7,13.7
1435,CHE_2023,3,2,13,PI311107,2/20/2023,82,,20.3,15.7
1436,CHE_2023,3,2,13,PI429838,2/20/2023,76,,18.7,11.7
1437,CHE_2023,3,2,13,PI300250,2/20/2023,83,,15.7,10.7
1438,CHE_2023,3,2,13,PI320954,2/20/2023,80,,19.3,12
1439,CHE_2023,3,2,14,PI432000,2/20/2023,,,16.3,12
1440,CHE_2023,3,2,14,PI518732,2/20/2023,80,110,27.7,19.3
1443,CHE_2023,3,2,14,PI431987,2/20/2023,76,,14.7,8.7
1444,CHE_2023,3,2,14,PI368651,2/20/2023,64,,25.3,14.7
1445,CHE_2023,3,2,15,PI472122,2/20/2023,56,86,12.7,
1446,CHE_2023,3,2,15,ILL359,2/20/2023,79,,20.3,15.7
1447,CHE_2023,3,2,15,PI426778,2/20/2023,,,13.3,8.7
1448,CHE_2023,3,2,15,PI175754,2/20/2023,80,,,
1449,CHE_2023,3,2,15,W627760,2/20/2023,82,,12.3,8.3
1450,CHE_2023,3,2,15,PI431656,2/20/2023,,,15.3,13
1451,CHE_2023,3,2,15,PI298357,2/20/2023,81,,,
1453,CHE_2023,3,2,15,PI431624,2/20/2023,82,,,
1454,CHE_2023,3,2,15,PI426784,2/20/2023,60,86,13.7,
1455,CHE_2023,3,2,15,ILL1938,2/20/2023,79,,20.7,14.7
1456,CHE_2023,3,2,15,PI431810,2/20/2023,84,,13.7,9.7
1458,CHE_2023,3,2,14,ILL217,2/20/2023,82,,15.3,8.7
1459,CHE_2023,3,2,14,PI431731,2/20/2023,78,103,18.3,12.3
1460,CHE_2023,3,2,14,W627767,2/20/2023,79,,16.3,11
1461,CHE_2023,3,2,14,PI432005,2/20/2023,74,,19.3,15.3
1463,CHE_2023,3,2,13,PI163589,2/20/2023,,,14.7,
1464,CHE_2023,3,2,13,PI472632,2/20/2023,,,18.3,12.7
1465,CHE_2023,3,2,13,PI472458,2/20/2023,49,88,13.7,
1466,CHE_2023,3,2,13,PI472372,2/20/2023,60,88,23.3,
1467,CHE_2023,3,2,13,PI432002,2/20/2023,84,,22.3,14
1468,CHE_2023,3,2,13,PI472588,2/20/2023,71,101,16.7,9.7
1469,CHE_2023,3,2,13,PI490288,2/20/2023,83,,23.3,15
1470,CHE_2023,3,2,13,ILL508,2/20/2023,84,,22.3,17.7
1471,CHE_2023,3,2,13,PI297772,2/20/2023,85,,18.3,12.7
1472,CHE_2023,3,2,13,PI472316,2/20/2023,60,88,20.7,
1474,CHE_2023,3,2,13,PI370481,2/20/2023,85,,24.7,15.7
1476,CHE_2023,3,2,14,PI472320,2/20/2023,57,88,15.7,
1477,CHE_2023,3,2,14,ILL482,2/20/2023,77,90,14.3,
1478,CHE_2023,3,2,14,PI472136,2/20/2023,60,86,12.3,
1479,CHE_2023,3,2,14,PI472400,2/20/2023,57,,,
1482,CHE_2023,3,2,15,W627780,2/20/2023,60,98,18.7,
1483,CHE_2023,3,2,15,PI299163,2/20/2023,84,,16.7,
1485,CHE_2023,3,2,15,PI358602,2/20/2023,,,13.3,11
1486,CHE_2023,3,2,15,PI490289,2/20/2023,,,10.3,6.7
1489,CHE_2023,3,2,15,W627766,2/20/2023,77,101,14.3,12.7
1490,CHE_2023,3,2,15,PI472559,2/20/2023,60,88,16.3,
1491,CHE_2023,3,2,15,PI472194,2/20/2023,55,88,14.7,
1492,CHE_2023,3,2,15,PI432145,2/20/2023,77,116,19.3,14.7
1493,CHE_2023,3,2,14,PI431622,2/20/2023,80,,16.3,10.7
1494,CHE_2023,3,2,14,ILL241,2/20/2023,,,13.7,10
1495,CHE_2023,3,2,14,PI217949,2/20/2023,60,,19.3,
1496,CHE_2023,3,2,14,PI468902,2/20/2023,80,,21.3,17
1497,CHE_2023,3,2,14,PI312175,2/20/2023,76,,17.3,13.3
1500,CHE_2023,3,2,13,PI320937,2/20/2023,84,,16.3,10.7
1501,CHE_2023,3,2,13,PI435954,2/20/2023,75,,15.7,11
1502,CHE_2023,3,2,13,ILL1922,2/20/2023,79,116,26.7,18.7
1503,CHE_2023,3,2,13,ILL357,2/20/2023,65,102,29.3,12
1504,CHE_2023,3,2,13,PI289070,2/20/2023,84,,17.7,13.7
1506,CHE_2023,3,2,13,W627761,2/20/2023,69,88,22.7,
1507,CHE_2023,3,2,13,PI429369,2/20/2023,76,,,
1508,CHE_2023,3,2,13,PI472126,2/20/2023,51,88,17.3,
1509,CHE_2023,3,2,13,PI431756,2/20/2023,84,,17.7,14.7
1511,CHE_2023,3,2,14,PI283604,2/20/2023,,,17.7,14.7
1512,CHE_2023,3,2,14,PI431630,2/20/2023,92,,13.7,9
1513,CHE_2023,3,2,14,PI471917,2/20/2023,82,,17.3,14
1514,CHE_2023,3,2,14,PI431739,2/20/2023,80,111,21.7,13.3
1515,CHE_2023,3,2,14,PI471916,2/20/2023,81,,18.3,13.7
1516,CHE_2023,3,2,14,PI432237,2/20/2023,77,,18.3,10
1517,CHE_2023,3,2,15,PI299207,2/20/2023,83,,,
1518,CHE_2023,3,2,15,PI289079,2/20/2023,80,,15.3,12.7
1519,CHE_2023,3,2,15,PI486128,2/20/2023,78,,13.3,11
1520,CHE_2023,3,2,15,ILL167,2/20/2023,78,,16.7,11.7
1521,CHE_2023,3,2,15,ILL151,2/20/2023,81,,,
1523,CHE_2023,3,2,15,PI472629,2/20/2023,,,13.7,7.7
1524,CHE_2023,3,2,15,PI297285,2/20/2023,84,,14.7,10.7
1525,CHE_2023,3,2,15,PI472195,2/20/2023,,,15.7,9
1526,CHE_2023,3,2,15,ILL906,2/20/2023,77,,8,6
1527,CHE_2023,3,2,15,PI420818,2/20/2023,,,17.7,11.3
1528,CHE_2023,3,2,15,PI472590,2/20/2023,77,,11.7,7.7
1529,CHE_2023,3,2,14,PI468901,2/20/2023,90,,14.3,9
1530,CHE_2023,3,2,14,PI431888,2/20/2023,83,,16.3,
1531,CHE_2023,3,2,14,PI432106,2/20/2023,83,,15.7,12.7
1532,CHE_2023,3,2,14,PI207492,2/20/2023,,,11.7,8
1533,CHE_2023,3,2,14,PI431636,2/20/2023,,,12.7,8.3
1534,CHE_2023,3,2,14,PI299121,2/20/2023,82,,11.7,10.3
1535,CHE_2023,3,2,13,PI431675,2/20/2023,69,,12.7,13.3
1536,CHE_2023,3,2,13,PI518731,2/20/2023,90,,15.7,9.7
1537,CHE_2023,3,2,13,PI329157,2/20/2023,75,,20.7,17
1538,CHE_2023,3,2,13,PI431728,2/20/2023,78,102,23.7,13.7
1539,CHE_2023,3,2,13,PI431753,2/20/2023,,,16.7,13
1540,CHE_2023,3,2,13,PI432184,2/20/2023,,,13.3,8.3
1541,CHE_2023,3,2,16,ILL537,2/20/2023,,,17.3,12.7
1542,CHE_2023,3,2,16,PI320936,2/20/2023,83,101,26.3,13.3
1543,CHE_2023,3,2,16,W627782,2/20/2023,60,92,,
1544,CHE_2023,3,2,16,ILL324,2/20/2023,,,18.7,
1545,CHE_2023,3,2,16,ILL1940,2/20/2023,67,101,22.7,12.7
1546,CHE_2023,3,2,16,ILL567,2/20/2023,,,14.7,11.7
1547,CHE_2023,3,2,17,PI339285,2/20/2023,,,9.3,6
1548,CHE_2023,3,2,17,PI472562,2/20/2023,60,88,20.7,
1550,CHE_2023,3,2,17,PI374116,2/20/2023,77,,14.7,11
1551,CHE_2023,3,2,17,PI431640,2/20/2023,,,10.3,9.3
1552,CHE_2023,3,2,17,PI432147,2/20/2023,82,,14.7,8.7
1554,CHE_2023,3,2,18,PI472615,2/20/2023,71,102,22.3,13
1556,CHE_2023,3,2,18,PI431873,2/20/2023,80,,8.3,7
1558,CHE_2023,3,2,18,PI412922,2/20/2023,,,10.3,5.7
1559,CHE_2023,3,2,18,PI193548,2/20/2023,60,86,17.3,
1560,CHE_2023,3,2,18,PI299351,2/20/2023,77,,8.3,4.7
1561,CHE_2023,3,2,18,PI431768,2/20/2023,,,10.7,7.7
1562,CHE_2023,3,2,18,PI345627,2/20/2023,,,10.3,10
1563,CHE_2023,3,2,18,PI431642,2/20/2023,76,,,
1564,CHE_2023,3,2,18,PI343026,2/20/2023,,,14.3,11
1565,CHE_2023,3,2,17,PI432001,2/20/2023,80,110,16.7,14.3
1566,CHE_2023,3,2,17,W627762,2/20/2023,67,94,16.7,
1567,CHE_2023,3,2,17,PI426803,2/20/2023,60,86,10.3,
1568,CHE_2023,3,2,17,PI533691,2/20/2023,76,110,22.7,14.7
1569,CHE_2023,3,2,17,PI431824,2/20/2023,83,103,16.3,13
1571,CHE_2023,3,2,16,ILL341,2/20/2023,,,18.3,11.7
1572,CHE_2023,3,2,16,PI472549,2/20/2023,60,88,19.7,
1573,CHE_2023,3,2,16,PI431809,2/20/2023,,,14.3,
1574,CHE_2023,3,2,16,PI432185,2/20/2023,,,18.3,14
1575,CHE_2023,3,2,16,PI178940,2/20/2023,84,,25.3,18.7
1576,CHE_2023,3,2,16,PI432033,2/20/2023,76,102,17.3,10
1577,CHE_2023,3,2,16,PI472200,2/20/2023,56,86,12.7,
1578,CHE_2023,3,2,16,ILL211,2/20/2023,77,101,23.7,12.3
1579,CHE_2023,3,2,16,PI426797,2/20/2023,60,88,25.3,
1580,CHE_2023,3,2,16,PI420925,2/20/2023,75,,24.3,21
1581,CHE_2023,3,2,16,W627754,2/20/2023,83,111,16.3,13
1582,CHE_2023,3,2,16,PI298122,2/20/2023,81,,19.7,14.7
1583,CHE_2023,3,2,17,PI211052,2/20/2023,,,13.3,9.7
1584,CHE_2023,3,2,17,PI533688,2/20/2023,90,,16.3,12.7
1585,CHE_2023,3,2,17,W627759,2/20/2023,83,,22.3,17.3
1586,CHE_2023,3,2,17,PI320945,2/20/2023,,,14.3,10
1587,CHE_2023,3,2,17,PI468900,2/20/2023,84,111,20.7,10.7
1588,CHE_2023,3,2,17,PI472274,2/20/2023,65,88,13.3,
1589,CHE_2023,3,2,18,PI472119,2/20/2023,60,86,10.7,
1590,CHE_2023,3,2,18,PI251784,2/20/2023,,,12.3,8.7
1591,CHE_2023,3,2,18,PI329167,2/20/2023,84,,,
1594,CHE_2023,3,2,18,PI431643,2/20/2023,84,,13.3,11.7
1596,CHE_2023,3,2,18,PI432190,2/20/2023,90,,11.3,7.7
1598,CHE_2023,3,2,18,PI472484,2/20/2023,60,86,9.3,
1599,CHE_2023,3,2,18,PI297287,2/20/2023,77,,16.7,14.3
1600,CHE_2023,3,2,18,PI432071,2/20/2023,83,,16.7,10
1601,CHE_2023,3,2,17,PI298023,2/20/2023,84,,12.7,10.3
1603,CHE_2023,3,2,17,PI431717,2/20/2023,83,,15.3,9
1604,CHE_2023,3,2,17,W627763,2/20/2023,73,,18.7,14.7
1605,CHE_2023,3,2,17,PI432028,2/20/2023,83,,14.3,11
1606,CHE_2023,3,2,17,PI518734,2/20/2023,84,,18.7,11.7
1607,CHE_2023,3,2,16,PI431884,2/20/2023,,,15.7,11.7
1608,CHE_2023,3,2,16,PI472331,2/20/2023,56,88,22.3,
1609,CHE_2023,3,2,16,PI297767,2/20/2023,,,16.3,
1610,CHE_2023,3,2,16,PI472354,2/20/2023,50,88,20.3,
1611,CHE_2023,3,2,16,PI298631,2/20/2023,80,,18.7,13.3
1613,CHE_2023,3,2,16,PI472380,2/20/2023,60,86,22.3,
1614,CHE_2023,3,2,16,ILL413,2/20/2023,,,15.7,10.3
1615,CHE_2023,3,2,16,PI432245,2/20/2023,71,98,23.7,
1616,CHE_2023,3,2,16,PI432236,2/20/2023,80,105,15.7,12
1617,CHE_2023,3,2,16,PI518733,2/20/2023,81,,21.3,13.7
1618,CHE_2023,3,2,16,PI181886,2/20/2023,82,,13.7,
1620,CHE_2023,3,2,17,PI432059,2/20/2023,,,11.7,8.7
1621,CHE_2023,3,2,17,PI308614,2/20/2023,84,,15.7,10.7
1622,CHE_2023,3,2,17,PI298922,2/20/2023,84,,10.3,8
1623,CHE_2023,3,2,17,PI299215,2/20/2023,90,,11.3,
1625,CHE_2023,3,2,18,W627781,2/20/2023,,,18.3,11
1626,CHE_2023,3,2,18,PI472569,2/20/2023,60,88,21.3,
1627,CHE_2023,3,2,18,PI432286,2/20/2023,83,,15.7,12.3
1630,CHE_2023,3,2,18,W627768,2/20/2023,82,102,14.7,7.7
1631,CHE_2023,3,2,18,PI431980,2/20/2023,84,,14.7,12
1632,CHE_2023,3,2,18,PI451766,2/20/2023,,,10.7,7.7
1633,CHE_2023,3,2,18,PI472161,2/20/2023,76,,,
1636,CHE_2023,3,2,18,PI458503,2/20/2023,78,,,
1637,CHE_2023,3,2,17,PI431705,2/20/2023,83,,15.3,9.7
1638,CHE_2023,3,2,17,PI432201,2/20/2023,83,,14.3,10.7
1639,CHE_2023,3,2,17,PI472383,2/20/2023,53,86,10.7,
1640,CHE_2023,3,2,17,PI431633,2/20/2023,83,,13.7,7.7
1641,CHE_2023,3,2,17,PI431631,2/20/2023,83,,15.7,
1642,CHE_2023,3,2,17,PI212100,2/20/2023,81,,15.7,
1644,CHE_2023,3,2,16,PI431666,2/20/2023,69,102,22.3,10.7
1645,CHE_2023,3,2,16,PI472416,2/20/2023,60,86,21.7,
1646,CHE_2023,3,2,16,ILL440,2/20/2023,,,14.7,
1647,CHE_2023,3,2,16,PI472175,2/20/2023,55,88,20.3,
1648,CHE_2023,3,2,16,ILL600,2/20/2023,91,,21.3,14
2001,WPR_2024,4,1,1,PI472126,2/2/2024,56,96,10,5.7
2003,WPR_2024,4,1,1,PI299177,2/2/2024,88,126,29.7,16.3
2004,WPR_2024,4,1,1,PI472327,2/2/2024,66,96,19.7,7
2006,WPR_2024,4,1,1,ILL2230,2/2/2024,88,121,19,10
2007,WPR_2024,4,1,1,ILL2231,2/2/2024,74,121,23.3,9.3
2008,WPR_2024,4,1,1,PI472416,2/2/2024,66,96,18,8
2009,WPR_2024,4,1,1,PI289073,2/2/2024,82,126,27,9.3
2010,WPR_2024,4,1,1,PI431824,2/2/2024,82,126,13.3,6.3
2011,WPR_2024,4,1,1,PI431873,2/2/2024,78,121,25,9
2012,WPR_2024,4,1,1,PI320945,2/2/2024,88,121,19.7,8
2013,WPR_2024,4,1,1,PI432145,2/2/2024,85,108,17.7,6
2014,WPR_2024,4,1,1,PI181771,2/2/2024,74,120,20.3,12.7
2015,WPR_2024,4,1,1,PI472588,2/2/2024,82,115,21.3,8.3
2016,WPR_2024,4,1,1,PI472629,2/2/2024,74,121,15.3,6.3
2017,WPR_2024,4,1,1,ILL8010,2/2/2024,68,101,17.3,6.3
2018,WPR_2024,4,1,1,PI299164,2/2/2024,74,121,27.3,9.3
2019,WPR_2024,4,1,1,ILL358,2/2/2024,66,106,24.7,10.7
2020,WPR_2024,4,1,1,PI432002,2/2/2024,88,121,28,12.7
2021,WPR_2024,4,1,2,PI289077,2/2/2024,72,106,12.7,5.7
2022,WPR_2024,4,1,2,PI339289,2/2/2024,85,121,21,13.3
2023,WPR_2024,4,1,2,PI289079,2/2/2024,88,121,29.3,14
2025,WPR_2024,4,1,2,ILL918,2/2/2024,74,126,24,9.7
2026,WPR_2024,4,1,2,PI432085,2/2/2024,74,121,31,10.3
2027,WPR_2024,4,1,2,ILL6493,2/2/2024,71,101,22,10.7
2028,WPR_2024,4,1,2,PI175754,2/2/2024,78,121,24,13.3
2030,WPR_2024,4,1,2,PI426778,2/2/2024,89,121,20,8
2031,WPR_2024,4,1,2,PI432190,2/2/2024,85,121,28,11.3
2032,WPR_2024,4,1,2,PI451766,2/2/2024,86,121,22,11.3
2033,WPR_2024,4,1,2,ILL6644,2/2/2024,73,120,24.3,8.7
2034,WPR_2024,4,1,2,PI319367,2/2/2024,74,121,26.3,11.3
2035,WPR_2024,4,1,2,ILL10690,2/2/2024,66,106,18.3,9
2036,WPR_2024,4,1,2,ILL454,2/2/2024,88,126,26.3,14
2037,WPR_2024,4,1,2,ILL186,2/2/2024,,,10,
2039,WPR_2024,4,1,2,ILL360,2/2/2024,75,121,28.7,16.7
2040,WPR_2024,4,1,2,PI490288,2/2/2024,88,126,30,10.3
2041,WPR_2024,4,1,3,ILL4857,2/2/2024,87,121,22.7,13
2042,WPR_2024,4,1,3,PI472119,2/2/2024,63,96,19.7,7
2043,WPR_2024,4,1,3,ILL1938,2/2/2024,74,121,20.7,9
2045,WPR_2024,4,1,3,PI431739,2/2/2024,89,121,20,12
2046,WPR_2024,4,1,3,PI251248,2/2/2024,51,110,14.3,3.3
2048,WPR_2024,4,1,3,ILL10864,2/2/2024,74,110,19.3,11
2049,WPR_2024,4,1,3,ILL6925,2/2/2024,66,106,23,8.7
2051,WPR_2024,4,1,3,PI432124,2/2/2024,82,126,18.3,7.3
2052,WPR_2024,4,1,3,ILL2406,2/2/2024,84,121,20,9
2053,WPR_2024,4,1,3,PI289070,2/2/2024,84,121,27.3,14.7
2054,WPR_2024,4,1,3,ILL7070,2/2/2024,75,121,25.7,14.7
2055,WPR_2024,4,1,3,ILL5424,2/2/2024,74,110,22.7,9
2056,WPR_2024,4,1,3,ILL7437,2/2/2024,75,110,22.3,11
2057,WPR_2024,4,1,3,PI217949,2/2/2024,74,120,19,7
2058,WPR_2024,4,1,3,PI472383,2/2/2024,53,96,9.3,6.7
2060,WPR_2024,4,1,3,PI429838,2/2/2024,88,126,21.7,8.7
2062,WPR_2024,4,1,4,PI432188,2/2/2024,82,121,26.3,10.3
2063,WPR_2024,4,1,4,PI508090,2/2/2024,78,121,25.7,11.7
2064,WPR_2024,4,1,4,PI431728,2/2/2024,75,121,22.3,12.3
2065,WPR_2024,4,1,4,PI486127,2/2/2024,84,115,26,13.3
2066,WPR_2024,4,1,4,PI299121,2/2/2024,71,115,19.7,9
2067,WPR_2024,4,1,4,PI320935,2/2/2024,74,126,22.7,12.3
2068,WPR_2024,4,1,4,PI472320,2/2/2024,63,96,19.3,8.3
2069,WPR_2024,4,1,4,PI476365,2/2/2024,88,121,35.3,16
2070,WPR_2024,4,1,4,PI432286,2/2/2024,75,126,24,10
2071,WPR_2024,4,1,4,ILL211,2/2/2024,88,121,23.7,13.3
2072,WPR_2024,4,1,4,PI431631,2/2/2024,78,121,23.3,13.7
2073,WPR_2024,4,1,4,ILL413,2/2/2024,89,123,25,11
2074,WPR_2024,4,1,4,PI212100,2/2/2024,76,110,21.3,10.7
2075,WPR_2024,4,1,4,PI431717,2/2/2024,106,121,19.7,9.7
2076,WPR_2024,4,1,4,ILL6281,2/2/2024,66,101,22,8
2077,WPR_2024,4,1,4,PI299237,2/2/2024,74,115,23.3,7.7
2078,WPR_2024,4,1,4,PI477921,2/2/2024,76,121,28.3,12.3
2079,WPR_2024,4,1,4,ILL769,2/2/2024,74,120,29.3,15.3
2080,WPR_2024,4,1,4,ILL8614,2/2/2024,68,101,25.3,10.3
2081,WPR_2024,4,1,5,PI339292,2/2/2024,88,121,28.3,16.3
2083,WPR_2024,4,1,5,PI431884,2/2/2024,78,120,25.3,10.7
2084,WPR_2024,4,1,5,ILL4875,2/2/2024,96,121,26.3,12
2085,WPR_2024,4,1,5,ILL6750,2/2/2024,78,121,26,11.3
2086,WPR_2024,4,1,5,ILL10826,2/2/2024,70,101,24.3,7.7
2087,WPR_2024,4,1,5,ILL1671,2/2/2024,78,121,32.3,14.7
2088,WPR_2024,4,1,5,PI472484,2/2/2024,66,96,18,5.3
2089,WPR_2024,4,1,5,PI320944,2/2/2024,84,126,33.7,14.3
2090,WPR_2024,4,1,5,ILL4841,2/2/2024,75,126,32,13.3
2091,WPR_2024,4,1,5,ILL6848,2/2/2024,73,106,18.7,7.3
2092,WPR_2024,4,1,5,ILL7979,2/2/2024,66,96,19.3,6
2093,WPR_2024,4,1,5,ILL3517,2/2/2024,74,101,25,10.3
2094,WPR_2024,4,1,5,ILL906,2/2/2024,74,123,26.3,14
2095,WPR_2024,4,1,5,ILL890,2/2/2024,73,120,25.3,11.7
2096,WPR_2024,4,1,5,PI420929,2/2/2024,84,101,24.7,15.7
2097,WPR_2024,4,1,5,PI297787,2/2/2024,84,115,25.3,13.3
2098,WPR_2024,4,1,5,PI207492,2/2/2024,74,123,25,10.3
2099,WPR_2024,4,1,5,ILL4606,2/2/2024,73,121,24.7,12.3
2100,WPR_2024,4,1,5,PI339310,2/2/2024,74,121,27.7,12.3
2101,WPR_2024,4,1,6,PI299207,2/2/2024,75,120,24.7,11.3
2102,WPR_2024,4,1,6,PI290716,2/2/2024,88,121,22.3,9.3
2103,WPR_2024,4,1,6,W627767,2/2/2024,74,110,18.7,8.3
2104,WPR_2024,4,1,6,PI297287,2/2/2024,86,121,24.7,12.7
2105,WPR_2024,4,1,6,PI472372,2/2/2024,73,96,13.7,6
2106,WPR_2024,4,1,6,ILL10810,2/2/2024,74,115,26.3,8.3
2107,WPR_2024,4,1,6,PI518732,2/2/2024,80,120,21.7,9.7
2108,WPR_2024,4,1,6,ILL858,2/2/2024,74,126,28,10.3
2109,WPR_2024,4,1,6,ILL1649,2/2/2024,85,121,26.3,9.3
2110,WPR_2024,4,1,6,ILL5537,2/2/2024,74,115,20.3,11.3
2111,WPR_2024,4,1,6,PI431774,2/2/2024,64,101,10.3,6.3
2112,WPR_2024,4,1,6,ILL217,2/2/2024,87,123,28.7,12.7
2113,WPR_2024,4,1,6,ILL4899,2/2/2024,88,126,28.7,14.3
2114,WPR_2024,4,1,6,PI244046,2/2/2024,74,121,18.7,11
2115,WPR_2024,4,1,6,W627765,2/2/2024,62,96,22.3,11.7
2117,WPR_2024,4,1,6,ILL5639,2/2/2024,74,110,18.7,9
2118,WPR_2024,4,1,6,W627766,2/2/2024,66,96,22,8.3
2119,WPR_2024,4,1,6,ILL589,2/2/2024,86,126,21.7,10.3
2120,WPR_2024,4,1,6,ILL537,2/2/2024,88,121,26.3,11.3
2121,WPR_2024,4,1,7,PI472161,2/2/2024,56,96,13.3,6.3
2122,WPR_2024,4,1,7,ILL6783,2/2/2024,74,106,22.3,10
2123,WPR_2024,4,1,7,ILL1097,2/2/2024,83,121,26.7,9.7
2124,WPR_2024,4,1,7,ILL7774,2/2/2024,51,96,12.3,5
2125,WPR_2024,4,1,7,PI432033,2/2/2024,76,121,22.3,10.3
2126,WPR_2024,4,1,7,PI472535,2/2/2024,51,96,12.3,6.3
2127,WPR_2024,4,1,7,PI298357,2/2/2024,74,126,23.7,10.7
2128,WPR_2024,4,1,7,ILL6001,2/2/2024,66,96,21.3,10
2129,WPR_2024,4,1,7,PI432106,2/2/2024,88,121,18.7,11
2131,WPR_2024,4,1,7,ILL486,2/2/2024,68,106,23,8
2132,WPR_2024,4,1,7,PI431633,2/2/2024,82,121,23.7,12
2133,WPR_2024,4,1,7,PI320954,2/2/2024,82,121,24.7,12.3
2135,WPR_2024,4,1,7,ILL4409,2/2/2024,87,126,30,15.7
2136,WPR_2024,4,1,7,PI298023,2/2/2024,87,115,23,9.3
2137,WPR_2024,4,1,7,ILL5988,2/2/2024,73,120,27.7,13
2138,WPR_2024,4,1,7,PI431613,2/2/2024,76,121,24.7,9.3
2139,WPR_2024,4,1,7,ILL4164,2/2/2024,74,106,24.3,12.7
2140,WPR_2024,4,1,7,ILL2181,2/2/2024,78,121,27.3,9.7
2141,WPR_2024,4,1,8,ILL4831,2/2/2024,64,104,12.3,5.7
2143,WPR_2024,4,1,8,W627760,2/2/2024,74,106,14.3,6.3
2144,WPR_2024,4,1,8,PI431618,2/2/2024,84,115,15,7.7
2145,WPR_2024,4,1,8,ILL6149,2/2/2024,74,110,23.3,10
2146,WPR_2024,4,1,8,ILL5151,2/2/2024,74,115,17.7,8
2147,WPR_2024,4,1,8,ILL6415,2/2/2024,88,121,23,13.7
2148,WPR_2024,4,1,8,ILL8114,2/2/2024,68,101,22.3,9.3
2149,WPR_2024,4,1,8,PI320953,2/2/2024,93,126,18.3,11.3
2150,WPR_2024,4,1,8,PI431756,2/2/2024,102,121,18.7,10
2151,WPR_2024,4,1,8,PI343025,2/2/2024,66,110,19.3,6
2152,WPR_2024,4,1,8,ILL10866,2/2/2024,67,96,22,8
2153,WPR_2024,4,1,8,PI472562,2/2/2024,66,96,14.3,7.7
2154,WPR_2024,4,1,8,ILL5533,2/2/2024,75,120,24,14.3
2155,WPR_2024,4,1,8,PI577168,2/2/2024,76,115,20.7,7.3
2156,WPR_2024,4,1,8,ILL7789,2/2/2024,84,121,23,14
2157,WPR_2024,4,1,8,PI472400,2/2/2024,51,96,16.3,7.7
2158,WPR_2024,4,1,8,ILL312,2/2/2024,88,121,21,9.7
2159,WPR_2024,4,1,8,PI518733,2/2/2024,88,121,16,9
2160,WPR_2024,4,1,8,ILL7745,2/2/2024,74,115,21,9.7
2161,WPR_2024,4,1,9,W627768,2/2/2024,74,110,21.3,9.3
2162,WPR_2024,4,1,9,PI468899,2/2/2024,84,121,19.3,8.7
2163,WPR_2024,4,1,9,ILL3487,2/2/2024,67,96,22.3,6
2164,WPR_2024,4,1,9,PI299354,2/2/2024,88,121,28.7,13.3
2166,WPR_2024,4,1,9,PI431656,2/2/2024,78,120,25,12.3
2167,WPR_2024,4,1,9,PI312175,2/2/2024,68,115,22.7,10.3
2168,WPR_2024,4,1,9,PI431780,2/2/2024,74,121,20.7,10
2169,WPR_2024,4,1,9,ILL1947,2/2/2024,88,121,29.7,10.7
2170,WPR_2024,4,1,9,PI472316,2/2/2024,66,96,20,6.7
2171,WPR_2024,4,1,9,PI431753,2/2/2024,76,121,17,9.3
2173,WPR_2024,4,1,9,PI472137,2/2/2024,66,96,21.3,8.3
2174,WPR_2024,4,1,9,W627756,2/2/2024,88,121,20,10.5
2175,WPR_2024,4,1,9,ILL5645,2/2/2024,76,121,24.7,14
2176,WPR_2024,4,1,9,PI368651,2/2/2024,58,121,31.3,6
2177,WPR_2024,4,1,9,ILL1460,2/2/2024,62,120,28.7,7.3
2179,WPR_2024,4,1,9,ILL5519,2/2/2024,74,120,26,11.7
2180,WPR_2024,4,1,9,PI486128,2/2/2024,87,121,30.7,12
2181,WPR_2024,4,1,10,PI177442,2/2/2024,86,121,20.3,12
2182,WPR_2024,4,1,10,PI329167,2/2/2024,74,120,24.3,13.3
2184,WPR_2024,4,1,10,ILL7650,2/2/2024,71,101,24.7,12.7
2185,WPR_2024,4,1,10,PI308614,2/2/2024,74,106,21.7,7.7
2186,WPR_2024,4,1,10,ILL7981,2/2/2024,66,96,26,8
2187,WPR_2024,4,1,10,PI311107,2/2/2024,89,126,24.7,13
2189,WPR_2024,4,1,10,ILL10865,2/2/2024,67,106,24,8.3
2190,WPR_2024,4,1,10,PI431666,2/2/2024,77,121,24,9.3
2191,WPR_2024,4,1,10,ILL1939,2/2/2024,68,110,24.3,9
2192,WPR_2024,4,1,10,ILL357,2/2/2024,70,101,23.3,10
2193,WPR_2024,4,1,10,ILL324,2/2/2024,82,126,29.7,17.7
2194,WPR_2024,4,1,10,ILL590,2/2/2024,66,96,20.7,9.3
2195,WPR_2024,4,1,10,PI432185,2/2/2024,74,110,21.7,12.3
2196,WPR_2024,4,1,10,ILL1940,2/2/2024,68,101,25.3,11
2197,WPR_2024,4,1,10,PI357226,2/2/2024,82,121,28.7,12.7
2198,WPR_2024,4,1,10,ILL5505,2/2/2024,71,106,25,9.7
2200,WPR_2024,4,1,10,ILL86,2/2/2024,74,123,22,14.7
2201,WPR_2024,4,1,11,PI308611,2/2/2024,87,120,21,8
2202,WPR_2024,4,1,11,PI299366,2/2/2024,88,126,30.3,17.7
2203,WPR_2024,4,1,11,PI432059,2/2/2024,74,121,19.3,9.7
2205,WPR_2024,4,1,11,PI345638,2/2/2024,66,96,21,6.7
2206,WPR_2024,4,1,11,PI297754,2/2/2024,76,121,25.7,9
2208,WPR_2024,4,1,11,PI299120,2/2/2024,74,121,19.3,10.3
2209,WPR_2024,4,1,11,ILL4782,2/2/2024,82,121,21.3,9.3
2210,WPR_2024,4,1,11,ILL482,2/2/2024,82,120,24.7,11
2211,WPR_2024,4,1,11,W627758,2/2/2024,74,121,25,11.7
2212,WPR_2024,4,1,11,ILL4774,2/2/2024,75,120,26,12.7
2213,WPR_2024,4,1,11,PI299289,2/2/2024,88,115,21.7,12.7
2214,WPR_2024,4,1,11,PI339285,2/2/2024,88,120,17.7,7.7
2215,WPR_2024,4,1,11,PI472564,2/2/2024,77,106,19.7,10
2216,WPR_2024,4,1,11,PI431710,2/2/2024,84,121,18,7.3
2217,WPR_2024,4,1,11,PI432201,2/2/2024,77,126,29.3,11
2218,WPR_2024,4,1,11,ILL1474,2/2/2024,74,120,24.3,10.3
2220,WPR_2024,4,1,11,ILL1959,2/2/2024,73,101,21,10.7
2221,WPR_2024,4,1,11,PI472458,2/2/2024,51,96,9.3,5.7
2222,WPR_2024,4,1,12,ILL5553,2/2/2024,66,96,19.7,9.7
2223,WPR_2024,4,1,12,PI472143,2/2/2024,76,126,25,11
2224,WPR_2024,4,1,12,ILL7084,2/2/2024,74,121,18.3,7
2225,WPR_2024,4,1,12,PI432184,2/2/2024,74,120,27.3,12.3
2226,WPR_2024,4,1,12,ILL5416,2/2/2024,87,126,26.7,12
2227,WPR_2024,4,1,12,PI472213,2/2/2024,71,120,20,8.7
2228,WPR_2024,4,1,12,ILL359,2/2/2024,87,126,30,15.3
2229,WPR_2024,4,1,12,PI432071,2/2/2024,76,126,25.7,12
2230,WPR_2024,4,1,12,PI320936,2/2/2024,74,110,21.3,9.3
2232,WPR_2024,4,1,12,PI533693,2/2/2024,84,121,27,13.7
2233,WPR_2024,4,1,12,ILL508,2/2/2024,84,126,26.7,11
2234,WPR_2024,4,1,12,PI298122,2/2/2024,88,121,29.3,13
2235,WPR_2024,4,1,12,ILL2297,2/2/2024,74,126,24,10
2236,WPR_2024,4,1,12,PI299285,2/2/2024,88,126,21.3,12.3
2239,WPR_2024,4,1,12,PI280686,2/2/2024,70,120,13,
2241,WPR_2024,4,1,12,PI472549,2/2/2024,66,104,16.3,9.7
2242,WPR_2024,4,1,13,ILL1220,2/2/2024,78,121,30.7,12.7
2243,WPR_2024,4,1,13,ILL7090,2/2/2024,74,110,21.7,9
2245,WPR_2024,4,1,13,PI345627,2/2/2024,88,121,23,11.7
2247,WPR_2024,4,1,13,PI431712,2/2/2024,87,121,13,7.3
2248,WPR_2024,4,1,13,PI518731,2/2/2024,88,121,21,7.7
2249,WPR_2024,4,1,13,PI432147,2/2/2024,89,121,19,8.7
2250,WPR_2024,4,1,13,ILL5028,2/2/2024,74,115,20.7,8.3
2251,WPR_2024,4,1,13,ILL6350,2/2/2024,70,101,18.7,5.7
2252,WPR_2024,4,1,13,W627761,2/2/2024,67,104,18,6.7
2253,WPR_2024,4,1,13,PI283604,2/2/2024,88,121,20.3,13
2255,WPR_2024,4,1,13,ILL6199,2/2/2024,78,120,22.7,11.3
2256,WPR_2024,4,1,13,ILL956,2/2/2024,88,120,19.7,9.7
2257,WPR_2024,4,1,13,ILL4791,2/2/2024,74,106,20.3,11
2258,WPR_2024,4,1,13,PI472340,2/2/2024,58,96,9.3,4.3
2260,WPR_2024,4,1,13,PI320952,2/2/2024,93,121,22.3,12
2261,WPR_2024,4,1,13,PI182217,2/2/2024,75,121,15.3,7.3
2262,WPR_2024,4,1,14,PI431809,2/2/2024,84,121,13.3,10
2263,WPR_2024,4,1,14,PI251032,2/2/2024,75,121,24,15.3
2265,WPR_2024,4,1,14,W627759,2/2/2024,76,121,23.7,10.3
2266,WPR_2024,4,1,14,ILL4671,2/2/2024,82,121,25.7,11.3
2267,WPR_2024,4,1,14,ILL241,2/2/2024,87,123,26,13.85
2268,WPR_2024,4,1,14,PI299117,2/2/2024,75,115,17.3,10
2269,WPR_2024,4,1,14,PI431679,2/2/2024,80,120,18.7,11
2270,WPR_2024,4,1,14,PI533688,2/2/2024,88,121,22.7,10.3
2271,WPR_2024,4,1,14,PI297767,2/2/2024,87,121,15,12
2272,WPR_2024,4,1,14,PI297285,2/2/2024,75,121,26.7,13
2273,WPR_2024,4,1,14,PI472380,2/2/2024,66,96,18,8
2274,WPR_2024,4,1,14,ILL7108,2/2/2024,74,106,13.7,6
2275,WPR_2024,4,1,14,ILL10863,2/2/2024,63,96,16,6.3
2276,WPR_2024,4,1,14,PI211602,2/2/2024,88,115,22,13.3
2277,WPR_2024,4,1,14,PI431980,2/2/2024,74,115,18,9.3
2278,WPR_2024,4,1,14,PI165586,2/2/2024,74,110,23.7,13
2279,WPR_2024,4,1,14,PI174246,2/2/2024,75,110,19.7,10
2280,WPR_2024,4,1,14,ILL1924,2/2/2024,82,121,25.3,12.7
2281,WPR_2024,4,1,14,ILL4345,2/2/2024,73,101,24,8
2283,WPR_2024,4,1,14,ILL7686,2/2/2024,72,101,24.7,12
2284,WPR_2024,4,1,14,PI472590,2/2/2024,74,121,21.7,11.3
2285,WPR_2024,4,1,15,ILL4781,2/2/2024,88,121,26,17.7
2286,WPR_2024,4,1,15,ILL4900,2/2/2024,74,106,20.7,11.7
2287,WPR_2024,4,1,15,ILL469,2/2/2024,85.5,123.5,27,13.5
2288,WPR_2024,4,1,15,PI472224,2/2/2024,66,96,15.3,5
2289,WPR_2024,4,1,15,PI472205,2/2/2024,55,96,13.7,6.7
2290,WPR_2024,4,1,15,PI300250,2/2/2024,74,101,20.3,10
2291,WPR_2024,4,1,15,PI431714,2/2/2024,78,120,18.3,9
2292,WPR_2024,4,1,15,ILL4819,2/2/2024,68,104,21.7,10.3
2293,WPR_2024,4,1,15,PI420925,2/2/2024,75,101,17.7,8.7
2295,WPR_2024,4,1,15,ILL7727,2/2/2024,73,96,25,12
2296,WPR_2024,4,1,15,PI518734,2/2/2024,82,121,29.7,11
2297,WPR_2024,4,1,15,PI343026,2/2/2024,77,110,21,14.3
2298,WPR_2024,4,1,15,ILL5582,2/2/2024,68,106,23.7,11
2299,WPR_2024,4,1,15,PI178971,2/2/2024,74,115,21.3,8.3
2301,WPR_2024,4,1,15,PI329158,2/2/2024,80,121,21,12.3
2302,WPR_2024,4,1,15,ILL969,2/2/2024,76,126,27,13
2303,WPR_2024,4,1,15,PI299215,2/2/2024,76,120,27.3,13
2304,WPR_2024,4,1,15,W627763,2/2/2024,73,106,23.7,8.3
2305,WPR_2024,4,1,15,PI289066,2/2/2024,88,121,18.7,12
2307,WPR_2024,4,1,16,PI472615,2/2/2024,71,110,21,10.7
2308,WPR_2024,4,1,16,ILL6994,2/2/2024,70,101,24,8
2309,WPR_2024,4,1,16,PI472175,2/2/2024,62,96,11,5.3
2310,WPR_2024,4,1,16,PI298644,2/2/2024,88,126,24,15.3
2311,WPR_2024,4,1,16,PI298631,2/2/2024,80,121,28.3,12.3
2312,WPR_2024,4,1,16,ILL7012,2/2/2024,73,110,23,8.7
2313,WPR_2024,4,1,16,PI472339,2/2/2024,63,96,18.3,6
2314,WPR_2024,4,1,16,PI472569,2/2/2024,74,120,24,12
2316,WPR_2024,4,1,16,PI431640,2/2/2024,74,115,24.7,11
2317,WPR_2024,4,1,16,PI229611,2/2/2024,67,101,24.3,7
2320,WPR_2024,4,1,16,PI370636,2/2/2024,75,123,28,14.3
2321,WPR_2024,4,1,16,ILL4915,2/2/2024,75,110,24,8.7
2323,WPR_2024,4,1,16,ILL6870,2/2/2024,74,101,22.3,8
2324,WPR_2024,4,1,16,ILL435,2/2/2024,84,121,18.3,9
2325,WPR_2024,4,1,16,PI299116,2/2/2024,74,110,19.7,9.3
2326,WPR_2024,4,1,17,PI472136,2/2/2024,66,96,16.3,5.7
2327,WPR_2024,4,1,17,PI431630,2/2/2024,88,121,22.7,10
2328,WPR_2024,4,1,17,PI432236,2/2/2024,89,120,18.7,9.3
2330,WPR_2024,4,1,17,W627754,2/2/2024,104,126,22,9.3
2331,WPR_2024,4,1,17,ILL6528,2/2/2024,75,110,25,10.7
2332,WPR_2024,4,1,17,PI432001,2/2/2024,63,96,17,5
2333,WPR_2024,4,1,17,PI431684,2/2/2024,106,126,31.3,11
2334,WPR_2024,4,1,17,ILL4738,2/2/2024,75,123,18,9.3
2335,WPR_2024,4,1,17,ILL167,2/2/2024,78,121,21.3,13
2337,WPR_2024,4,1,17,PI193547,2/2/2024,74,115,16.7,8
2338,WPR_2024,4,1,17,ILL1005,2/2/2024,85,121,25,11
2339,WPR_2024,4,1,17,PI298645,2/2/2024,82,121,25.3,13
2340,WPR_2024,4,1,17,PI299351,2/2/2024,89,115,20.3,10
2341,WPR_2024,4,1,17,ILL5261,2/2/2024,74,106,18.7,9.7
2342,WPR_2024,4,1,17,PI431643,2/2/2024,78,126,25.3,11.7
2343,WPR_2024,4,1,17,PI431863,2/2/2024,87,121,18.3,9.7
2344,WPR_2024,4,1,17,PI181886,2/2/2024,84,121,21,12.7
2345,WPR_2024,4,1,17,PI431705,2/2/2024,82,121,16.3,8
2347,WPR_2024,4,1,18,ILL10947,2/2/2024,73,110,15,6.7
2348,WPR_2024,4,1,18,ILL4152,2/2/2024,74,110,23.3,9.3
2349,WPR_2024,4,1,18,PI178940,2/2/2024,87,126,27.7,9.7
2350,WPR_2024,4,1,18,PI472452,2/2/2024,60,96,10.3,8
2351,WPR_2024,4,1,18,PI289069,2/2/2024,74,120,18.3,9
2352,WPR_2024,4,1,18,ILL8006,2/2/2024,73,110,20.7,9.3
2354,WPR_2024,4,1,18,PI179324,2/2/2024,87,121,19.3,10.3
2355,WPR_2024,4,1,18,PI374116,2/2/2024,84,121,19.3,7.7
2356,WPR_2024,4,1,18,W627780,2/2/2024,66,101,18.7,6.7
2357,WPR_2024,4,1,18,PI431810,2/2/2024,88,121,16.7,9
2358,WPR_2024,4,1,18,PI298922,2/2/2024,88,126,16.3,5.7
2359,WPR_2024,4,1,18,PI431663,2/2/2024,88,121,15.7,8
2360,WPR_2024,4,1,18,PI429369,2/2/2024,82,115,13.3,6.3
2361,WPR_2024,4,1,18,ILL440,2/2/2024,96,121,16,10.7
2362,WPR_2024,4,1,18,ILL6406,2/2/2024,74,120,20.3,7
2363,WPR_2024,4,1,18,PI420818,2/2/2024,106,123,19.7,8.3
2364,WPR_2024,4,1,18,PI472632,2/2/2024,74,110,18.7,9.3
2365,WPR_2024,4,1,18,PI339279,2/2/2024,70,104,20.3,10.7
2366,WPR_2024,4,1,19,W627782,2/2/2024,66,96,22.3,8.7
2367,WPR_2024,4,1,19,ILL5509,2/2/2024,75,110,23.3,12.3
2368,WPR_2024,4,1,19,ILL507,2/2/2024,88,121,18.7,11.3
2369,WPR_2024,4,1,19,PI472200,2/2/2024,55,110,16.7,7
2370,WPR_2024,4,1,19,PI426807,2/2/2024,75,123,18.7,8.3
2371,WPR_2024,4,1,19,ILL1922,2/2/2024,82,121,24.7,12
2372,WPR_2024,4,1,19,ILL5956,2/2/2024,64,96,15.7,8
2373,WPR_2024,4,1,19,PI193548,2/2/2024,66,96,15.7,7.3
2374,WPR_2024,4,1,19,PI432087,2/2/2024,74,110,16.3,7.3
2375,WPR_2024,4,1,19,PI432237,2/2/2024,74,123,19.7,9.7
2376,WPR_2024,4,1,19,PI533691,2/2/2024,87,126,28.7,14.3
2377,WPR_2024,4,1,19,PI329157,2/2/2024,74,120,27.3,12
2378,WPR_2024,4,1,19,ILL1706,2/2/2024,66,96,21.7,8.3
2379,WPR_2024,4,1,19,PI250156,2/2/2024,76,120,16,5.3
2381,WPR_2024,4,1,19,PI426797,2/2/2024,66,101,15,7.7
2382,WPR_2024,4,1,19,ILL4956,2/2/2024,75,106,20,8.3
2383,WPR_2024,4,1,19,PI339283,2/2/2024,82,115,14.7,10.3
2384,WPR_2024,4,1,19,ILL353,2/2/2024,73,106,20.7,8.7
2385,WPR_2024,4,1,19,PI374121,2/2/2024,74,115,25.3,13
2386,WPR_2024,4,1,20,ILL840,2/2/2024,73,101,23.7,9.3
2387,WPR_2024,4,1,20,PI238758,2/2/2024,89,121,27.3,12.7
2390,WPR_2024,4,1,20,ILL5968,2/2/2024,75,110,28.7,11.3
2391,WPR_2024,4,1,20,PI320937,2/2/2024,89,121,26,15
2392,WPR_2024,4,1,20,ILL4886,2/2/2024,78,115,23.3,9.3
2393,WPR_2024,4,1,20,PI163589,2/2/2024,88,121,23,12.3
2394,WPR_2024,4,1,20,ILL5384,2/2/2024,71,101,25,10
2395,WPR_2024,4,1,20,PI432271,2/2/2024,77,126,37,14
2396,WPR_2024,4,1,20,PI472122,2/2/2024,60,96,12,7.3
2397,WPR_2024,4,1,20,PI472488,2/2/2024,66,96,20.7,7
2398,WPR_2024,4,1,20,PI299371,2/2/2024,87,126,27.7,15
2401,WPR_2024,4,1,20,ILL10825,2/2/2024,66,101,24.7,8.7
2402,WPR_2024,4,1,20,ILL1890,2/2/2024,85,121,29.7,13.7
2403,WPR_2024,4,1,20,ILL4830,2/2/2024,66,96,17.7,5
2404,WPR_2024,4,1,20,PI374120,2/2/2024,74,126,28,13.3
2405,WPR_2024,4,1,20,PI431731,2/2/2024,88,121,22.7,10
2406,WPR_2024,4,1,21,PI329169,2/2/2024,74,115,24.7,9.7
2407,WPR_2024,4,1,21,W627762,2/2/2024,70,98.5,22.3,10.15
2408,WPR_2024,4,1,21,PI357225,2/2/2024,89,121,28.7,14.3
2409,WPR_2024,4,1,21,PI358602,2/2/2024,88,121,30.7,14.7
2410,WPR_2024,4,1,21,ILL4778,2/2/2024,88,126,30,14
2413,WPR_2024,4,1,21,ILL610,2/2/2024,75,126,30.3,12.7
2414,WPR_2024,4,1,21,PI251784,2/2/2024,74,121,28,14
2415,WPR_2024,4,1,21,PI368647,2/2/2024,88,126,24.7,12.3
2416,WPR_2024,4,1,21,L24,2/2/2024,74,123,25,11
2417,WPR_2024,4,1,21,PI426803,2/2/2024,66,96,21,9.3
2418,WPR_2024,4,1,21,PI468900,2/2/2024,88,121,28,12.3
2419,WPR_2024,4,1,21,ILL9951,2/2/2024,66,96,21,8
2420,WPR_2024,4,1,21,PI468901,2/2/2024,84,121,30,13
2421,WPR_2024,4,1,21,ILL5626,2/2/2024,74,115,19.7,10.3
2422,WPR_2024,4,1,21,PI472188,2/2/2024,53,110,18.7,5.3
2423,WPR_2024,4,1,21,PI431987,2/2/2024,75,121,18.7,8.7
2424,WPR_2024,4,1,21,PI343023,2/2/2024,74,120,20.3,8.7
2425,WPR_2024,4,1,21,PI298923,2/2/2024,87,121,20.7,14.7
2426,WPR_2024,4,1,21,PI320941,2/2/2024,88,121,20.7,11
2427,WPR_2024,4,1,22,PI426202,2/2/2024,88,121,22,9.7
2428,WPR_2024,4,1,22,PI178939,2/2/2024,85,126,34.3,13
2429,WPR_2024,4,1,22,PI420924,2/2/2024,74,121,24.3,12.7
2430,WPR_2024,4,1,22,PI297772,2/2/2024,88,126,24.3,12
2431,WPR_2024,4,1,22,ILL344,2/2/2024,88,121,22.7,11
2432,WPR_2024,4,1,22,ILL705,2/2/2024,87,121,25.3,11
2434,WPR_2024,4,1,22,ILL4804,2/2/2024,73,110,21.7,8.3
2435,WPR_2024,4,1,22,ILL6126,2/2/2024,84,126,27.7,11.7
2436,WPR_2024,4,1,22,PI533690,2/2/2024,88,121,21.3,10.7
2437,WPR_2024,4,1,22,PI299163,2/2/2024,75,121,21,
2438,WPR_2024,4,1,22,PI432212,2/2/2024,88,121,19,8.3
2439,WPR_2024,4,1,22,PI273664,2/2/2024,71,126,28.3,8.7
2440,WPR_2024,4,1,22,ILL567,2/2/2024,84,131,24,10.7
2441,WPR_2024,4,1,22,PI468902,2/2/2024,77,121,28.7,14.3
2442,WPR_2024,4,1,22,PI432005,2/2/2024,87,126,25,13
2444,WPR_2024,4,1,22,PI472194,2/2/2024,53,96,9.5,6.5
2445,WPR_2024,4,1,22,ILL600,2/2/2024,87,121,23.3,12.7
2446,WPR_2024,4,1,22,ILL10284,2/2/2024,74,106,25.7,12.3
2447,WPR_2024,4,1,23,ILL4471,2/2/2024,80,126,23.3,10
2448,WPR_2024,4,1,23,ILL3485,2/2/2024,66,104,21,6.3
2449,WPR_2024,4,1,23,W627781,2/2/2024,88,126,22,10.7
2450,WPR_2024,4,1,23,PI472559,2/2/2024,66,96,16,5.7
2451,WPR_2024,4,1,23,PI431893,2/2/2024,87,115,21,8.7
2452,WPR_2024,4,1,23,PI472561,2/2/2024,63,96,19,10
2453,WPR_2024,4,1,23,PI472354,2/2/2024,49,96,13,5.3
2454,WPR_2024,4,1,23,ILL7495,2/2/2024,73,121,19.3,7.3
2455,WPR_2024,4,1,23,PI250158,2/2/2024,64,96,11.3,6.7
2456,WPR_2024,4,1,23,PI211052,2/2/2024,88,121,24,11.3
2457,WPR_2024,4,1,23,ILL4605,2/2/2024,66,101,23.7,10.3
2458,WPR_2024,4,1,23,ILL341,2/2/2024,87,121,25.3,14.3
2459,WPR_2024,4,1,23,PI431636,2/2/2024,88,121,24,11.3
2460,WPR_2024,4,1,23,PI606570,2/2/2024,74,121,19.3,10
2461,WPR_2024,4,1,23,PI431768,2/2/2024,74,115,22.7,10.7
2462,WPR_2024,4,1,23,ILL82,2/2/2024,66,101,23,10
2463,WPR_2024,4,1,23,PI490289,2/2/2024,89,126,27.3,12.7
2464,WPR_2024,4,1,23,ILL719,2/2/2024,89,126,29.3,11.3
2465,WPR_2024,4,1,23,PI431624,2/2/2024,75,123,20.3,9.7
2466,WPR_2024,4,1,23,PI431675,2/2/2024,89,121,22,10.3
2467,WPR_2024,4,1,24,PI432000,2/2/2024,88,121,22,10.3
2468,WPR_2024,4,1,24,PI379368,2/2/2024,104,126,22.7,11.3
2469,WPR_2024,4,1,24,PI370481,2/2/2024,87,126,30,19.3
2470,WPR_2024,4,1,24,ILL151,2/2/2024,88,120,19.7,11.7
2471,WPR_2024,4,1,24,PI471916,2/2/2024,84,115,23.7,12
2472,WPR_2024,4,1,24,PI193817,2/2/2024,62,104,18.7,8.7
2473,WPR_2024,4,1,24,ILL71,2/2/2024,89,121,17.7,10.3
2474,WPR_2024,4,1,24,ILL2684,2/2/2024,73,110,16.3,4.3
2475,WPR_2024,4,1,24,PI458503,2/2/2024,74,115,19.7,9.7
2476,WPR_2024,4,1,24,PI471917,2/2/2024,74,121,24.3,9
2477,WPR_2024,4,1,24,PI431622,2/2/2024,88,121,17,8
2478,WPR_2024,4,1,24,PI412922,2/2/2024,75,110,24.3,7.3
2480,WPR_2024,4,1,24,ILL1861,2/2/2024,67,101,23,7.7
2481,WPR_2024,4,1,24,PI431888,2/2/2024,88,121,22,11
2482,WPR_2024,4,1,24,PI472331,2/2/2024,63,96,17.3,4.7
2483,WPR_2024,4,1,24,PI297284,2/2/2024,75,126,27.3,12.7
2484,WPR_2024,4,1,24,PI432028,2/2/2024,87,121,21,10.3
2485,WPR_2024,4,1,24,ILL5595,2/2/2024,66,96,17.7,9.7
2487,WPR_2024,4,1,25,PI426784,2/2/2024,66,96,15,7.7
2488,WPR_2024,4,1,25,ILL7978,2/2/2024,60,101,22,9
2489,WPR_2024,4,1,25,ILL5653,2/2/2024,70,110,23.7,6.7
2490,WPR_2024,4,1,25,PI431642,2/2/2024,73,110,27,13.7
2491,WPR_2024,4,1,25,PI169534,2/2/2024,89,126,36,13.3
2492,WPR_2024,4,1,25,PI472274,2/2/2024,66,96,18.3,6.7
2493,WPR_2024,4,1,25,PI451763,2/2/2024,82,121,31.7,14
2495,WPR_2024,4,1,25,PI379372,2/2/2024,74,119,24.6,11.3
2496,WPR_2024,4,1,25,PI435954,2/2/2024,74,123,21.3,11
2497,WPR_2024,4,1,25,PI432245,2/2/2024,74,115,26.7,12.3
2498,WPR_2024,4,1,25,PI431923,2/2/2024,88,121,29.3,13.3
2499,WPR_2024,4,1,25,PI472195,2/2/2024,51,96,12.7,5.3
2500,WPR_2024,4,1,25,ILL8007,2/2/2024,49,96,11,6
2501,WPR_2024,4,2,26,ILL5639,2/6/2024,89,115,19.3,8.3
2502,WPR_2024,4,2,26,ILL360,2/6/2024,88,121,24.3,12.3
2503,WPR_2024,4,2,26,PI472161,2/6/2024,70,96,10.3,5.7
2504,WPR_2024,4,2,26,PI432059,2/6/2024,75,110,20.3,7.3
2505,WPR_2024,4,2,26,PI431663,2/6/2024,104,121,16.7,9.3
2506,WPR_2024,4,2,26,PI472549,2/6/2024,67,100,21.3,9
2507,WPR_2024,4,2,26,ILL3485,2/6/2024,71,101,19,8.3
2508,WPR_2024,4,2,26,PI426797,2/6/2024,64,104,16.7,7.7
2509,WPR_2024,4,2,26,ILL10825,2/6/2024,68,101,21,10.7
2510,WPR_2024,4,2,26,ILL4857,2/6/2024,106,121,21,12.3
2511,WPR_2024,4,2,26,ILL4738,2/6/2024,89,115,19,10
2512,WPR_2024,4,2,26,PI181771,2/6/2024,87,120,23,9.3
2513,WPR_2024,4,2,26,ILL10866,2/6/2024,66,96,,
2514,WPR_2024,4,2,26,ILL151,2/6/2024,88,115,21.7,9
2515,WPR_2024,4,2,26,PI182217,2/6/2024,96,110,18,9
2518,WPR_2024,4,2,26,ILL1947,2/6/2024,90,121,27,11.3
2519,WPR_2024,4,2,26,PI431884,2/6/2024,106,121,22.3,9.3
2520,WPR_2024,4,2,26,PI299121,2/6/2024,74,115,20.3,9.3
2521,WPR_2024,4,2,27,PI472400,2/6/2024,56,96,11,5.3
2522,WPR_2024,4,2,27,ILL7650,2/6/2024,74,110,20.7,11
2523,WPR_2024,4,2,27,ILL4778,2/6/2024,106,126,26.7,16
2524,WPR_2024,4,2,27,PI471917,2/6/2024,106,126,21.7,13
2526,WPR_2024,4,2,27,PI432184,2/6/2024,84,115,23,11.3
2527,WPR_2024,4,2,27,PI431630,2/6/2024,106,121,18.3,8.7
2528,WPR_2024,4,2,27,PI179324,2/6/2024,106,121,21.7,11.3
2529,WPR_2024,4,2,27,PI472564,2/6/2024,74,115,19,8.3
2530,WPR_2024,4,2,27,ILL7495,2/6/2024,74,115,17,8.3
2531,WPR_2024,4,2,27,PI320954,2/6/2024,96,121,25.7,13.3
2533,WPR_2024,4,2,27,ILL5626,2/6/2024,74,123,20.3,10
2534,WPR_2024,4,2,27,PI299207,2/6/2024,82,115,21.3,8.3
2535,WPR_2024,4,2,27,ILL4886,2/6/2024,106,121,24.7,9
2536,WPR_2024,4,2,27,ILL4781,2/6/2024,93,121,23.7,17.7
2537,WPR_2024,4,2,27,ILL969,2/6/2024,102,121,28.3,10.3
2538,WPR_2024,4,2,27,W627759,2/6/2024,100,126,26.3,13.7
2540,WPR_2024,4,2,27,ILL4841,2/6/2024,96,121,24,8.7
2541,WPR_2024,4,2,28,PI169534,2/6/2024,102,121,34.7,14.7
2542,WPR_2024,4,2,28,PI472559,2/6/2024,66,101,17.3,9.3
2543,WPR_2024,4,2,28,PI339283,2/6/2024,106,121,14,7.7
2544,WPR_2024,4,2,28,PI431712,2/6/2024,100,121,16.7,8.7
2545,WPR_2024,4,2,28,PI312175,2/6/2024,73,123,15,7.3
2546,WPR_2024,4,2,28,ILL1938,2/6/2024,84,121,17,8.3
2547,WPR_2024,4,2,28,PI297287,2/6/2024,108,121,25.3,11
2548,WPR_2024,4,2,28,PI490288,2/6/2024,100,126,29.7,13.7
2549,WPR_2024,4,2,28,PI432071,2/6/2024,89,121,21.7,10.7
2550,WPR_2024,4,2,28,PI299116,2/6/2024,78,115,21,9.7
2551,WPR_2024,4,2,28,ILL10863,2/6/2024,66,101,14.7,5.3
2552,WPR_2024,4,2,28,ILL4606,2/6/2024,73,115,21.7,10.7
2553,WPR_2024,4,2,28,PI432188,2/6/2024,78,110,17.3,7
2554,WPR_2024,4,2,28,PI299163,2/6/2024,93,121,18.7,11.3
2555,WPR_2024,4,2,28,PI299366,2/6/2024,96,126,28,16.3
2556,WPR_2024,4,2,28,ILL8010,2/6/2024,73,101,17.7,8.7
2557,WPR_2024,4,2,28,ILL9951,2/6/2024,66,101,18,6.7
2558,WPR_2024,4,2,28,PI431643,2/6/2024,89,121,29.3,12.3
2559,WPR_2024,4,2,28,PI518734,2/6/2024,89,121,28,9.7
2560,WPR_2024,4,2,28,ILL590,2/6/2024,66,96,14.3,8.7
2561,WPR_2024,4,2,29,PI339289,2/6/2024,82,126,22.3,8.3
2562,WPR_2024,4,2,29,ILL357,2/6/2024,75,101,19,8
2563,WPR_2024,4,2,29,PI518733,2/6/2024,87,121,19.7,7.3
2564,WPR_2024,4,2,29,ILL7437,2/6/2024,74,110,19.7,8.7
2565,WPR_2024,4,2,29,PI472331,2/6/2024,66,96,11.7,4.7
2566,WPR_2024,4,2,29,ILL5582,2/6/2024,73,106,21,9.3
2568,WPR_2024,4,2,29,ILL4152,2/6/2024,74,115,20.7,9
2569,WPR_2024,4,2,29,ILL4671,2/6/2024,106,121,24,13
2570,WPR_2024,4,2,29,PI299289,2/6/2024,88,121,18.15,10.35
2571,WPR_2024,4,2,29,PI431780,2/6/2024,74,115,24.3,9.3
2572,WPR_2024,4,2,29,PI431636,2/6/2024,82,126,30,11.3
2573,WPR_2024,4,2,29,ILL6199,2/6/2024,89,121,20.7,11.3
2574,WPR_2024,4,2,29,PI299215,2/6/2024,74,115,29.7,10
2575,WPR_2024,4,2,29,PI472458,2/6/2024,59,96,6.7,5
2576,WPR_2024,4,2,29,ILL1706,2/6/2024,66,96,14.3,5.7
2577,WPR_2024,4,2,29,ILL6848,2/6/2024,74,120,17.3,8.3
2578,WPR_2024,4,2,29,PI193817,2/6/2024,63,96,23.3,6.3
2579,WPR_2024,4,2,29,PI431631,2/6/2024,75,126,25.3,11.3
2580,WPR_2024,4,2,29,PI368647,2/6/2024,96,121,31.7,13.3
2581,WPR_2024,4,2,30,PI297754,2/6/2024,100,126,28.7,9.7
2582,WPR_2024,4,2,30,PI472327,2/6/2024,67,100,15,6
2583,WPR_2024,4,2,30,PI472119,2/6/2024,66,96,17.7,8.3
2584,WPR_2024,4,2,30,PI298923,2/6/2024,104,131,24.3,13.3
2585,WPR_2024,4,2,30,ILL890,2/6/2024,74,115,17.3,11
2587,WPR_2024,4,2,30,PI300250,2/6/2024,75,125,18,10
2588,WPR_2024,4,2,30,PI329167,2/6/2024,75,121,26.3,13.3
2589,WPR_2024,4,2,30,W627782,2/6/2024,66,101,20,7
2590,WPR_2024,4,2,30,PI606570,2/6/2024,76,126,23,8.3
2591,WPR_2024,4,2,30,ILL5028,2/6/2024,74,123,20,10.3
2593,WPR_2024,4,2,30,PI432106,2/6/2024,108,115,25,11.7
2594,WPR_2024,4,2,30,PI299351,2/6/2024,102,121,16.7,9.3
2595,WPR_2024,4,2,30,PI431768,2/6/2024,76,115,17,9
2596,WPR_2024,4,2,30,PI431753,2/6/2024,100,121,20.3,9.3
2597,WPR_2024,4,2,30,ILL6644,2/6/2024,70,110,19,9.7
2598,WPR_2024,4,2,30,W627767,2/6/2024,75,120,16.3,7.7
2600,WPR_2024,4,2,30,PI297284,2/6/2024,82,121,29.3,13
2601,WPR_2024,4,2,31,PI298645,2/6/2024,88,121,29.7,15.3
2602,WPR_2024,4,2,31,PI432005,2/6/2024,75,121,25,11
2603,WPR_2024,4,2,31,PI177442,2/6/2024,88,121,24,14.3
2605,WPR_2024,4,2,31,PI533691,2/6/2024,87,121,28.7,11.3
2606,WPR_2024,4,2,31,PI431710,2/6/2024,106,121,16.7,11
2608,WPR_2024,4,2,31,PI432028,2/6/2024,106,121,24,10.7
2609,WPR_2024,4,2,31,ILL1890,2/6/2024,106,121,23,11.7
2610,WPR_2024,4,2,31,ILL211,2/6/2024,106,121,22.3,9
2611,WPR_2024,4,2,31,PI297767,2/6/2024,88,121,18.3,7.7
2612,WPR_2024,4,2,31,PI431613,2/6/2024,84,121,23,13.7
2613,WPR_2024,4,2,31,PI468899,2/6/2024,88,121,23.3,11.7
2614,WPR_2024,4,2,31,PI432145,2/6/2024,102,121,20.7,13.3
2615,WPR_2024,4,2,31,ILL5261,2/6/2024,74,110,21,9.7
2617,WPR_2024,4,2,31,PI297787,2/6/2024,104,120,26.3,14
2618,WPR_2024,4,2,31,ILL7012,2/6/2024,73,101,22.3,9
2619,WPR_2024,4,2,31,PI290716,2/6/2024,102,121,29.3,13.3
2620,WPR_2024,4,2,31,PI283604,2/6/2024,106,126,29,14
2622,WPR_2024,4,2,32,W627768,2/6/2024,74,110,20.7,9.3
2623,WPR_2024,4,2,32,PI426784,2/6/2024,73,101,15.7,8
2624,WPR_2024,4,2,32,ILL3517,2/6/2024,74,110,18,8
2625,WPR_2024,4,2,32,ILL589,2/6/2024,106,131,24.3,12
2626,WPR_2024,4,2,32,ILL7084,2/6/2024,74,120,17.3,8
2627,WPR_2024,4,2,32,PI299237,2/6/2024,87,126,20.3,7.7
2629,WPR_2024,4,2,32,PI472339,2/6/2024,63,110,7.3,5.7
2630,WPR_2024,4,2,32,ILL918,2/6/2024,76,121,20.3,8.7
2631,WPR_2024,4,2,32,ILL5968,2/6/2024,74,115,22.3,10.3
2632,WPR_2024,4,2,32,L24,2/6/2024,108,126,26.7,11.7
2633,WPR_2024,4,2,32,PI426202,2/6/2024,100,121,27.7,11.3
2634,WPR_2024,4,2,32,PI432000,2/6/2024,93,121,18,12.3
2635,WPR_2024,4,2,32,ILL4819,2/6/2024,73,106,23,11.7
2636,WPR_2024,4,2,32,ILL7090,2/6/2024,73,115,24,11
2637,WPR_2024,4,2,32,ILL435,2/6/2024,106,121,22.3,10
2638,WPR_2024,4,2,32,PI165586,2/6/2024,74,115,23.7,9.7
2639,WPR_2024,4,2,32,ILL312,2/6/2024,102,121,21,9.7
2640,WPR_2024,4,2,32,ILL4471,2/6/2024,87,126,28.7,14.3
2641,WPR_2024,4,2,33,PI320953,2/6/2024,102,136,18,8
2642,WPR_2024,4,2,33,ILL82,2/6/2024,74,115,21,6
2643,WPR_2024,4,2,33,PI379372,2/6/2024,86.5,123.5,27.2,10.7
2644,WPR_2024,4,2,33,ILL1460,2/6/2024,74,115,20.7,8.7
2645,WPR_2024,4,2,33,PI178939,2/6/2024,100,121,30.7,10.3
2646,WPR_2024,4,2,33,PI299120,2/6/2024,78,115,20,10
2647,WPR_2024,4,2,33,ILL8614,2/6/2024,74,120,23.7,10.3
2648,WPR_2024,4,2,33,PI178940,2/6/2024,96,121,36,11.3
2649,WPR_2024,4,2,33,ILL86,2/6/2024,89,120,19.7,10.3
2650,WPR_2024,4,2,33,PI211602,2/6/2024,106,126,24.7,9.7
2651,WPR_2024,4,2,33,PI329157,2/6/2024,89,121,24.3,15.3
2652,WPR_2024,4,2,33,PI244046,2/6/2024,78,121,23.3,12
2653,WPR_2024,4,2,33,PI468901,2/6/2024,89,126,34.7,12
2654,WPR_2024,4,2,33,PI472535,2/6/2024,68,96,12.3,5.3
2655,WPR_2024,4,2,33,PI345627,2/6/2024,108,121,30,14.7
2656,WPR_2024,4,2,33,ILL7727,2/6/2024,74,115,21.7,10.7
2657,WPR_2024,4,2,33,ILL4956,2/6/2024,76,115,18.7,8
2658,WPR_2024,4,2,33,PI472383,2/6/2024,70,96,10,6.3
2659,WPR_2024,4,2,33,ILL2297,2/6/2024,75,121,26,11
2660,WPR_2024,4,2,33,ILL10690,2/6/2024,76,115,17,7
2661,WPR_2024,4,2,34,PI343025,2/6/2024,73,110,14,7.7
2662,WPR_2024,4,2,34,PI432201,2/6/2024,84,131,31,10.7
2663,WPR_2024,4,2,34,PI289079,2/6/2024,96,126,25.3,10
2664,WPR_2024,4,2,34,ILL5424,2/6/2024,74,115,17.7,7.7
2665,WPR_2024,4,2,34,ILL507,2/6/2024,89,131,25.3,9.7
2666,WPR_2024,4,2,34,ILL3487,2/6/2024,70,101,12,7
2667,WPR_2024,4,2,34,PI343026,2/6/2024,96,121,19.3,9.3
2668,WPR_2024,4,2,34,PI298644,2/6/2024,104,136,22,12.3
2669,WPR_2024,4,2,34,ILL5595,2/6/2024,66,104,19.7,8.3
2670,WPR_2024,4,2,34,PI432212,2/6/2024,88,115,18,8.3
2671,WPR_2024,4,2,34,PI477921,2/6/2024,78,121,30,13.3
2672,WPR_2024,4,2,34,PI472452,2/6/2024,68,96,12,5.7
2675,WPR_2024,4,2,34,ILL10826,2/6/2024,74,96,18.7,10.3
2677,WPR_2024,4,2,34,ILL10810,2/6/2024,73,115,22,10.3
2678,WPR_2024,4,2,34,PI432185,2/6/2024,75,120,22.7,9.3
2679,WPR_2024,4,2,34,ILL5384,2/6/2024,73,115,23,13
2680,WPR_2024,4,2,34,ILL4164,2/6/2024,74,101,21,11
2681,WPR_2024,4,2,35,ILL4900,2/6/2024,88,115,17.3,9.3
2682,WPR_2024,4,2,35,PI320935,2/6/2024,106,121,21,7.7
2684,WPR_2024,4,2,35,PI486128,2/6/2024,106,126,30,12.3
2686,WPR_2024,4,2,35,ILL6528,2/6/2024,76,121,19,12
2687,WPR_2024,4,2,35,PI431739,2/6/2024,89,121,18.7,8
2688,WPR_2024,4,2,35,PI320937,2/6/2024,104,121,25.3,10.3
2689,WPR_2024,4,2,35,PI379368,2/6/2024,104,121,29.7,11.7
2691,WPR_2024,4,2,35,W627758,2/6/2024,82,120,21.3,10
2693,WPR_2024,4,2,35,ILL6750,2/6/2024,89,121,24.7,11.3
2694,WPR_2024,4,2,35,ILL4804,2/6/2024,74,106,21,10
2695,WPR_2024,4,2,35,PI518731,2/6/2024,89,131,21.7,9.3
2696,WPR_2024,4,2,35,PI472632,2/6/2024,75,123,21.7,11
2697,WPR_2024,4,2,35,PI299164,2/6/2024,82,121,25.7,11
2698,WPR_2024,4,2,35,W627781,2/6/2024,108,131,18,9
2699,WPR_2024,4,2,35,W627763,2/6/2024,74,110,23.7,9.7
2700,WPR_2024,4,2,35,PI175754,2/6/2024,89,121,19,10.7
2701,WPR_2024,4,2,36,ILL4831,2/6/2024,70,101,17.3,7
2702,WPR_2024,4,2,36,ILL2684,2/6/2024,73,101,21.7,7.7
2703,WPR_2024,4,2,36,PI297772,2/6/2024,88,126,28,13.3
2704,WPR_2024,4,2,36,PI431684,2/6/2024,89,121,28.3,15.7
2706,WPR_2024,4,2,36,ILL353,2/6/2024,74,110,21,6
2707,WPR_2024,4,2,36,PI298357,2/6/2024,89,121,30.3,11.7
2708,WPR_2024,4,2,36,ILL6406,2/6/2024,76,115,24.3,10.7
2709,WPR_2024,4,2,36,ILL454,2/6/2024,106,131,29.7,12
2710,WPR_2024,4,2,36,PI533693,2/6/2024,89,121,31.3,13.3
2711,WPR_2024,4,2,36,ILL4774,2/6/2024,87,120,24.7,11.3
2712,WPR_2024,4,2,36,PI212100,2/6/2024,86,115,24.3,9.3
2713,WPR_2024,4,2,36,ILL10947,2/6/2024,74,110,20.7,5.3
2714,WPR_2024,4,2,36,PI289073,2/6/2024,106,121,29.3,12
2715,WPR_2024,4,2,36,ILL7108,2/6/2024,74,115,19,7.7
2716,WPR_2024,4,2,36,PI472354,2/6/2024,60,96,16,5
2717,WPR_2024,4,2,36,PI431923,2/6/2024,100,121,26.7,13.7
2718,WPR_2024,4,2,36,ILL4830,2/6/2024,68,101,14,3.3
2719,WPR_2024,4,2,36,ILL10865,2/6/2024,76,126,22,8.3
2720,WPR_2024,4,2,36,ILL7070,2/6/2024,87,121,25.3,9.3
2721,WPR_2024,4,2,37,ILL1922,2/6/2024,89,126,28.3,13
2722,WPR_2024,4,2,37,PI370636,2/6/2024,106,126,25,10.7
2723,WPR_2024,4,2,37,PI280686,2/6/2024,68,106,18,8.3
2724,WPR_2024,4,2,37,PI476365,2/6/2024,108,121,30,11
2725,WPR_2024,4,2,37,ILL4605,2/6/2024,64,101,23.3,10.3
2726,WPR_2024,4,2,37,PI472380,2/6/2024,66,98.5,17.85,7.7
2727,WPR_2024,4,2,37,PI472224,2/6/2024,70,101,15.7,8.3
2728,WPR_2024,4,2,37,ILL186,2/6/2024,88,121,19,10.7
2729,WPR_2024,4,2,37,PI308614,2/6/2024,75,115,22,9.3
2730,WPR_2024,4,2,37,PI320944,2/6/2024,84,120,28.3,11
2731,WPR_2024,4,2,37,ILL6925,2/6/2024,74,110,21,9.7
2732,WPR_2024,4,2,37,PI374120,2/6/2024,106,126,32.3,12.3
2733,WPR_2024,4,2,37,ILL217,2/6/2024,106,121,34,10.7
2734,WPR_2024,4,2,37,ILL2181,2/6/2024,84,121,27.7,11.7
2735,WPR_2024,4,2,37,PI472588,2/6/2024,84,125,23.3,8
2736,WPR_2024,4,2,37,ILL719,2/6/2024,102,121,35.7,13.7
2737,WPR_2024,4,2,37,PI432236,2/6/2024,89,120,23.7,11
2738,WPR_2024,4,2,37,W627780,2/6/2024,66,96,23.3,9.3
2740,WPR_2024,4,2,37,PI238758,2/6/2024,108,126,28.3,13.7
2741,WPR_2024,4,2,38,PI432085,2/6/2024,74,125,27.3,10.7
2742,WPR_2024,4,2,38,PI431774,2/6/2024,66,110,20.7,9.7
2743,WPR_2024,4,2,38,PI472194,2/6/2024,70,131,29,10
2744,WPR_2024,4,2,38,PI431618,2/6/2024,84,121,22.7,12.3
2745,WPR_2024,4,2,38,PI358602,2/6/2024,106,121,33,13.7
2747,WPR_2024,4,2,38,ILL4782,2/6/2024,84,115,18.7,9.3
2748,WPR_2024,4,2,38,ILL7774,2/6/2024,70,96,7.3,5.3
2749,WPR_2024,4,2,38,ILL7978,2/6/2024,64,115,17,7.7
2751,WPR_2024,4,2,38,PI472615,2/6/2024,74,115,19.7,8
2752,WPR_2024,4,2,38,PI431810,2/6/2024,106,121,17,8.7
2753,WPR_2024,4,2,38,PI431675,2/6/2024,89,121,21.3,10.3
2754,WPR_2024,4,2,38,ILL10864,2/6/2024,74,110,20.7,13
2755,WPR_2024,4,2,38,PI431656,2/6/2024,78,121,27.3,13.3
2756,WPR_2024,4,2,38,PI472629,2/6/2024,87,126,21.7,9.3
2757,WPR_2024,4,2,38,PI193547,2/6/2024,89,120,17.7,6.7
2758,WPR_2024,4,2,38,PI432237,2/6/2024,76,121,24.7,7.3
2759,WPR_2024,4,2,38,PI431728,2/6/2024,89,121,24.3,10.3
2760,WPR_2024,4,2,38,PI420924,2/6/2024,75,115,23.3,10.7
2761,WPR_2024,4,2,39,PI451763,2/6/2024,108,126,25.3,10.3
2762,WPR_2024,4,2,39,PI458503,2/6/2024,89,120,20.7,7
2763,WPR_2024,4,2,39,PI289066,2/6/2024,108,115,18.7,11
2765,WPR_2024,4,2,39,PI431873,2/6/2024,108,126,26.3,9.3
2766,WPR_2024,4,2,39,W627762,2/6/2024,70,101,20.85,9.35
2767,WPR_2024,4,2,39,ILL7789,2/6/2024,87,121,25.7,14.3
2768,WPR_2024,4,2,39,ILL5988,2/6/2024,74,115,28.7,12
2770,WPR_2024,4,2,39,PI251032,2/6/2024,75,115,31,12.3
2771,WPR_2024,4,2,39,ILL600,2/6/2024,106,120,23.3,11.3
2772,WPR_2024,4,2,39,PI431987,2/6/2024,76,125,17.7,9.3
2774,WPR_2024,4,2,39,PI181886,2/6/2024,108,121,25.3,10.7
2775,WPR_2024,4,2,39,PI420929,2/6/2024,74,115,21.7,9
2776,WPR_2024,4,2,39,PI374121,2/6/2024,75,125,22.3,8.3
2778,WPR_2024,4,2,39,PI432147,2/6/2024,77,125,21.7,8.3
2779,WPR_2024,4,2,39,PI308611,2/6/2024,75,121,20.7,9
2780,WPR_2024,4,2,39,PI299285,2/6/2024,108,121,22.3,12
2781,WPR_2024,4,2,40,PI178971,2/6/2024,88,115,19.7,13
2782,WPR_2024,4,2,40,PI432271,2/6/2024,89,125,38,14
2783,WPR_2024,4,2,40,PI339279,2/6/2024,74,110,23,7.7
2784,WPR_2024,4,2,40,ILL4875,2/6/2024,106,121,20,9.7
2785,WPR_2024,4,2,40,PI431640,2/6/2024,75,121,14.7,10.7
2786,WPR_2024,4,2,40,PI429838,2/6/2024,108,136,27,10.3
2787,WPR_2024,4,2,40,ILL6149,2/6/2024,74,110,22,10.7
2788,WPR_2024,4,2,40,PI432001,2/6/2024,72,96,14,7.7
2789,WPR_2024,4,2,40,ILL1649,2/6/2024,87,121,24.3,13
2790,WPR_2024,4,2,40,PI431622,2/6/2024,106,121,15,7.7
2791,WPR_2024,4,2,40,PI472416,2/6/2024,74,104,19.3,9
2792,WPR_2024,4,2,40,PI431863,2/6/2024,108,126,26,12.7
2793,WPR_2024,4,2,40,ILL769,2/6/2024,74,121,33.7,13.3
2795,WPR_2024,4,2,40,PI357225,2/6/2024,89,121,31.7,13.3
2796,WPR_2024,4,2,40,ILL1924,2/6/2024,108,126,28.3,10.3
2797,WPR_2024,4,2,40,PI435954,2/6/2024,78,125,28.3,10.7
2798,WPR_2024,4,2,40,PI472137,2/6/2024,68,96,15.3,6.7
2799,WPR_2024,4,2,40,PI311107,2/6/2024,100,121,25.3,10.7
2800,WPR_2024,4,2,40,ILL344,2/6/2024,108,126,22.7,12.7
2801,WPR_2024,4,2,41,ILL2230,2/6/2024,89,121,19.7,10.3
2802,WPR_2024,4,2,41,ILL567,2/6/2024,89,121,24,12.7
2803,WPR_2024,4,2,41,ILL1005,2/6/2024,74,120,20.7,9.3
2804,WPR_2024,4,2,41,W627761,2/6/2024,75,96,21.3,7
2805,WPR_2024,4,2,41,PI431888,2/6/2024,106,120,21.3,12
2806,WPR_2024,4,2,41,ILL5537,2/6/2024,74,115,19,8.7
2807,WPR_2024,4,2,41,PI432087,2/6/2024,74,115,21,9.7
2808,WPR_2024,4,2,41,PI471916,2/6/2024,106,121,32,10
2809,WPR_2024,4,2,41,ILL486,2/6/2024,73,106,19.3,9.3
2810,WPR_2024,4,2,41,PI289077,2/6/2024,73,115,18.3,8.7
2811,WPR_2024,4,2,41,ILL8006,2/6/2024,72,106,25,8.7
2812,WPR_2024,4,2,41,ILL610,2/6/2024,89,121,33,16
2813,WPR_2024,4,2,41,PI298631,2/6/2024,88,126,28,13.3
2814,WPR_2024,4,2,41,ILL7981,2/6/2024,66,96,20.7,6.3
2815,WPR_2024,4,2,41,PI320936,2/6/2024,74,115,25,9.7
2816,WPR_2024,4,2,41,ILL5519,2/6/2024,76,126,33,11.3
2817,WPR_2024,4,2,41,ILL1671,2/6/2024,87,121,30,12.7
2819,WPR_2024,4,2,41,PI289070,2/6/2024,108,121,33,14.3
2820,WPR_2024,4,2,41,ILL8114,2/6/2024,73,96,22.3,9.3
2821,WPR_2024,4,2,42,ILL1940,2/6/2024,75,110,19.7,10
2822,WPR_2024,4,2,42,ILL1861,2/6/2024,68,121,21,7
2823,WPR_2024,4,2,42,ILL1220,2/6/2024,82,121,33.3,14.7
2824,WPR_2024,4,2,42,PI472200,2/6/2024,62,101,13.3,5.3
2825,WPR_2024,4,2,42,ILL1959,2/6/2024,74,115,25,11.3
2826,WPR_2024,4,2,42,ILL4915,2/6/2024,74,115,22.7,9.3
2827,WPR_2024,4,2,42,PI472126,2/6/2024,66,96,12.7,6.3
2828,WPR_2024,4,2,42,PI472195,2/6/2024,66,115,12.3,6
2829,WPR_2024,4,2,42,ILL6126,2/6/2024,89,125,30.3,13
2830,WPR_2024,4,2,42,PI217949,2/6/2024,80,121,21.3,7.7
2831,WPR_2024,4,2,42,ILL6415,2/6/2024,106,126,29,12
2832,WPR_2024,4,2,42,PI472320,2/6/2024,66,96,17.7,8.7
2833,WPR_2024,4,2,42,ILL341,2/6/2024,108,126,28,15
2834,WPR_2024,4,2,42,PI298122,2/6/2024,106,121,34,15.7
2835,WPR_2024,4,2,42,PI207492,2/6/2024,84,121,24.7,9.3
2836,WPR_2024,4,2,42,PI518732,2/6/2024,108,121,29.3,12
2838,WPR_2024,4,2,42,ILL6001,2/6/2024,66,101,21.3,6.3
2839,WPR_2024,4,2,42,ILL7686,2/6/2024,74,115,23.7,9
2840,WPR_2024,4,2,42,PI329169,2/6/2024,82,126,26.3,11
2841,WPR_2024,4,2,43,PI472143,2/6/2024,108,121,27,12.3
2842,WPR_2024,4,2,43,PI431679,2/6/2024,106,121,20,10.3
2843,WPR_2024,4,2,43,PI345638,2/6/2024,74,115,17.3,8.7
2844,WPR_2024,4,2,43,ILL5956,2/6/2024,71,96,20.3,9.7
2845,WPR_2024,4,2,43,ILL5645,2/6/2024,87,121,25.3,13.7
2846,WPR_2024,4,2,43,PI577168,2/6/2024,78,120,22.7,9.3
2847,WPR_2024,4,2,43,PI468900,2/6/2024,106,121,31,11.7
2849,WPR_2024,4,2,43,W627765,2/6/2024,66,101,22,10.7
2850,WPR_2024,4,2,43,ILL1097,2/6/2024,74,120,22,11
2852,WPR_2024,4,2,43,PI468902,2/6/2024,89,120,34.7,12.7
2853,WPR_2024,4,2,43,PI472136,2/6/2024,66,96,17.7,6
2855,WPR_2024,4,2,43,ILL5653,2/6/2024,71,120,21.7,10.3
2856,WPR_2024,4,2,43,ILL5505,2/6/2024,74,110,22,7.3
2858,WPR_2024,4,2,43,PI472122,2/6/2024,64,96,13,6.3
2859,WPR_2024,4,2,43,ILL2406,2/6/2024,88,115,17.3,10.3
2860,WPR_2024,4,2,43,PI472590,2/6/2024,74,120,23,9.3
2861,WPR_2024,4,2,44,PI472372,2/6/2024,68,104,19,7
2862,WPR_2024,4,2,44,ILL508,2/6/2024,89,121,31,11.7
2863,WPR_2024,4,2,44,PI229611,2/6/2024,64,101,21.3,7.7
2864,WPR_2024,4,2,44,PI420818,2/6/2024,108,121,24,12.3
2866,WPR_2024,4,2,44,PI431714,2/6/2024,84,121,20.3,8.7
2867,WPR_2024,4,2,44,PI299354,2/6/2024,108,126,26.3,14.7
2868,WPR_2024,4,2,44,ILL4791,2/6/2024,74,115,19.3,12.7
2869,WPR_2024,4,2,44,PI431624,2/6/2024,82,125,22,9
2870,WPR_2024,4,2,44,PI432190,2/6/2024,108,121,28.7,12
2871,WPR_2024,4,2,44,PI299371,2/6/2024,108,121,30,14
2872,WPR_2024,4,2,44,PI431666,2/6/2024,78,125,20.3,7.7
2873,WPR_2024,4,2,44,ILL5151,2/6/2024,74,110,19.3,8.3
2874,WPR_2024,4,2,44,PI299177,2/6/2024,106,126,34,14.3
2875,WPR_2024,4,2,44,PI533688,2/6/2024,108,121,26.5,12.7
2877,WPR_2024,4,2,44,PI211052,2/6/2024,102,126,28.7,12.7
2878,WPR_2024,4,2,44,PI343023,2/6/2024,74,110,21.3,13.3
2879,WPR_2024,4,2,44,ILL413,2/6/2024,,,14.3,9.3
2880,WPR_2024,4,2,44,PI431705,2/6/2024,84,121,22,9
2881,WPR_2024,4,2,45,ILL10284,2/6/2024,74,110,23,12.3
2882,WPR_2024,4,2,45,PI426778,2/6/2024,89,131,19,9
2884,WPR_2024,4,2,45,ILL469,2/6/2024,108,123.5,29.3,14.3
2885,WPR_2024,4,2,45,PI472175,2/6/2024,66,96,15,6.7
2886,WPR_2024,4,2,45,PI472562,2/6/2024,70,96,11.7,7.3
2887,WPR_2024,4,2,45,PI472488,2/6/2024,66,101,16,8
2888,WPR_2024,4,2,45,ILL858,2/6/2024,82,126,27,9.3
2889,WPR_2024,4,2,45,PI431809,2/6/2024,106,120,20,10.3
2890,WPR_2024,4,2,45,ILL5509,2/6/2024,74,115,20.7,13
2891,WPR_2024,4,2,45,PI251784,2/6/2024,75,121,31.3,12.3
2893,WPR_2024,4,2,45,PI273664,2/6/2024,70,121,28.3,15
2895,WPR_2024,4,2,45,ILL4409,2/6/2024,89,126,33.7,12.3
2896,WPR_2024,4,2,45,ILL2231,2/6/2024,74,115,20.3,9.7
2897,WPR_2024,4,2,45,PI339310,2/6/2024,74,131,23,11.7
2898,WPR_2024,4,2,45,ILL324,2/6/2024,87,121,30.3,11.7
2899,WPR_2024,4,2,45,PI374116,2/6/2024,84,126,23.7,8.7
2900,WPR_2024,4,2,45,PI472340,2/6/2024,87,121,26.3,9.7
2901,WPR_2024,4,2,46,PI533690,2/6/2024,88,126,25.3,10
2902,WPR_2024,4,2,46,PI329158,2/6/2024,87,121,23,10.7
2903,WPR_2024,4,2,46,PI426803,2/6/2024,66,96,18.3,7.7
2904,WPR_2024,4,2,46,PI432124,2/6/2024,75,121,22.3,11.7
2906,WPR_2024,4,2,46,ILL1939,2/6/2024,75,110,25.3,11
2908,WPR_2024,4,2,46,W627760,2/6/2024,74,110,15.3,9.7
2909,WPR_2024,4,2,46,ILL5416,2/6/2024,89,121,25.3,10
2910,WPR_2024,4,2,46,PI420925,2/6/2024,74,115,18.3,8.3
2911,WPR_2024,4,2,46,PI431893,2/6/2024,108,126,27.3,15.7
2912,WPR_2024,4,2,46,PI193548,2/6/2024,66,96,22,7.7
2913,WPR_2024,4,2,46,ILL4899,2/6/2024,88,121,39,19.7
2914,WPR_2024,4,2,46,ILL6783,2/6/2024,74,110,24,10
2915,WPR_2024,4,2,46,PI339292,2/6/2024,106,120,30.7,16.7
2916,WPR_2024,4,2,46,PI431717,2/6/2024,85,121,23.7,12.3
2918,WPR_2024,4,2,46,PI370481,2/6/2024,108,126,32.7,17.7
2919,WPR_2024,4,2,46,PI368651,2/6/2024,61,121,26.7,6.3
2920,WPR_2024,4,2,46,PI431980,2/6/2024,89,121,20,9
2921,WPR_2024,4,2,47,PI490289,2/6/2024,108,121,29.7,11.3
2922,WPR_2024,4,2,47,ILL5553,2/6/2024,66,101,19.7,8.7
2923,WPR_2024,4,2,47,W627756,2/6/2024,108,136,20.7,10.7
2924,WPR_2024,4,2,47,PI339285,2/6/2024,106,121,22.7,8
2925,WPR_2024,4,2,47,ILL6350,2/6/2024,72,110,20.7,9.3
2926,WPR_2024,4,2,47,ILL5533,2/6/2024,89,121,27.7,13.7
2927,WPR_2024,4,2,47,W627766,2/6/2024,64,101,18.3,7.7
2928,WPR_2024,4,2,47,PI472484,2/6/2024,71,101,15.3,5
2929,WPR_2024,4,2,47,PI431633,2/6/2024,74,120,25.3,10
2931,WPR_2024,4,2,47,ILL167,2/6/2024,89,126,26,12.7
2932,WPR_2024,4,2,47,PI299117,2/6/2024,84,120,20.3,7.7
2933,WPR_2024,4,2,47,PI432002,2/6/2024,106,121,27.7,14.3
2934,WPR_2024,4,2,47,PI472561,2/6/2024,66,96,19.7,7.7
2935,WPR_2024,4,2,47,PI451766,2/6/2024,108,126,30.7,15.3
2936,WPR_2024,4,2,47,ILL4345,2/6/2024,76,110,21,9.7
2937,WPR_2024,4,2,47,PI250156,2/6/2024,76,120,12,5.3
2938,WPR_2024,4,2,47,PI486127,2/6/2024,108,121,32.3,15.7
2939,WPR_2024,4,2,47,PI431642,2/6/2024,74,115,27.7,14
2940,WPR_2024,4,2,47,PI289069,2/6/2024,74,115,20.3,11.7
2941,WPR_2024,4,2,48,ILL6870,2/6/2024,73,101,19.3,8.3
2942,WPR_2024,4,2,48,PI472569,2/6/2024,84,120,19.7,11
2943,WPR_2024,4,2,48,PI472205,2/6/2024,66,101,14,6.7
2945,WPR_2024,4,2,48,PI412922,2/6/2024,74,115,22.7,11.7
2946,WPR_2024,4,2,48,PI320941,2/6/2024,106,126,20.3,9.3
2949,WPR_2024,4,2,48,ILL7979,2/6/2024,64,101,15.3,9
2950,WPR_2024,4,2,48,PI429369,2/6/2024,82,115,16,8.3
2951,WPR_2024,4,2,48,ILL241,2/6/2024,80.5,123.5,26.85,13
2952,WPR_2024,4,2,48,ILL8007,2/6/2024,56,96,13.7,5.7
2954,WPR_2024,4,2,48,ILL359,2/6/2024,108,126,33.7,16.3
2957,WPR_2024,4,2,48,PI508090,2/6/2024,78,126,34.3,16
2958,WPR_2024,4,2,48,PI298023,2/6/2024,108,121,30,13.3
2959,WPR_2024,4,2,48,ILL358,2/6/2024,74,110,20.7,9.3
2961,WPR_2024,4,2,49,ILL6493,2/6/2024,74,110,21.3,9.7
2962,WPR_2024,4,2,49,ILL537,2/6/2024,82,121,29.3,11
2963,WPR_2024,4,2,49,PI250158,2/6/2024,66,96,13,7.3
2964,WPR_2024,4,2,49,PI472274,2/6/2024,71,96,19.3,6.3
2965,WPR_2024,4,2,49,PI298922,2/6/2024,87,121,18,6.3
2966,WPR_2024,4,2,49,ILL6281,2/6/2024,72,110,21.3,8
2967,WPR_2024,4,2,49,ILL71,2/6/2024,108,115,18.3,9
2968,WPR_2024,4,2,49,ILL6994,2/6/2024,75,115,20.3,8.7
2969,WPR_2024,4,2,49,PI174246,2/6/2024,82,115,20,7.3
2970,WPR_2024,4,2,49,ILL7745,2/6/2024,77,121,21.3,9.7
2971,WPR_2024,4,2,49,PI251248,2/6/2024,66,96,19,7.3
2972,WPR_2024,4,2,49,PI320945,2/6/2024,108,121,17.3,9.3
2973,WPR_2024,4,2,49,PI163589,2/6/2024,108,126,23.7,11.3
2974,WPR_2024,4,2,49,PI472213,2/6/2024,74,121,33.7,9
2976,WPR_2024,4,2,49,ILL956,2/6/2024,84,121,27,10.7
2977,WPR_2024,4,2,49,PI426807,2/6/2024,75,125,17.3,6.7
2979,WPR_2024,4,2,49,PI472188,2/6/2024,58,96,16.7,6.7
2980,WPR_2024,4,2,49,ILL1474,2/6/2024,74,110,21.3,11.3
2981,WPR_2024,4,2,50,ILL705,2/6/2024,108,121,30.7,10.7
2982,WPR_2024,4,2,50,ILL840,2/6/2024,74,115,22.3,10.7
2983,WPR_2024,4,2,50,ILL906,2/6/2024,106,126,22.7,9.3
2984,WPR_2024,4,2,50,PI431731,2/6/2024,108,121,18.7,8
2986,WPR_2024,4,2,50,PI432286,2/6/2024,89,121,22,8.7
2987,WPR_2024,4,2,50,ILL482,2/6/2024,78,125,27.7,12
2988,WPR_2024,4,2,50,PI297285,2/6/2024,82,121,26.3,12.3
2989,WPR_2024,4,2,50,ILL440,2/6/2024,106,121,19.7,9.7
2990,WPR_2024,4,2,50,PI432033,2/6/2024,61,101,16.3,4.7
2992,WPR_2024,4,2,50,PI431824,2/6/2024,106,131,28.3,13
2993,WPR_2024,4,2,50,PI319367,2/6/2024,74,121,24.3,9.7
2994,WPR_2024,4,2,50,PI320952,2/6/2024,108,126,32.3,12.7
2995,WPR_2024,4,2,50,PI431756,2/6/2024,108,121,22,9.7
2996,WPR_2024,4,2,50,PI472316,2/6/2024,66,101,17,7.3
2997,WPR_2024,4,2,50,PI432245,2/6/2024,74,121,25,11.7
2998,WPR_2024,4,2,50,W627754,2/6/2024,108,121,24.3,11.7
2999,WPR_2024,4,2,50,PI357226,2/6/2024,106,121,25,11.3
1001,SIM_2024,5,1,1,PI472126,2/15/2024,59,102,14,9.3
1003,SIM_2024,5,1,1,PI299177,2/15/2024,78,,29.3,14.3
1004,SIM_2024,5,1,1,PI472327,2/15/2024,70,113,26.3,10.7
1006,SIM_2024,5,1,1,ILL2230,2/15/2024,70,121,31.7,15.3
1007,SIM_2024,5,1,1,ILL2231,2/15/2024,76,113,30.7,11.7
1008,SIM_2024,5,1,1,PI472416,2/15/2024,70,113,23,9.3
1009,SIM_2024,5,1,1,PI289073,2/15/2024,77,113,29,17
1010,SIM_2024,5,1,1,PI431824,2/15/2024,77,,27.7,17
1011,SIM_2024,5,1,1,PI431873,2/15/2024,59,98,22.3,10.3
1012,SIM_2024,5,1,1,PI320945,2/15/2024,59,102,22.7,11.7
1013,SIM_2024,5,1,1,PI432145,2/15/2024,59,98,31.3,12.3
1014,SIM_2024,5,1,1,PI181771,2/15/2024,89,119,32.3,14.3
1015,SIM_2024,5,1,1,PI472588,2/15/2024,70,119,27.3,13.7
1016,SIM_2024,5,1,1,PI472629,2/15/2024,72,109,25.7,14.7
1017,SIM_2024,5,1,1,ILL8010,2/15/2024,59,102,21.7,9.7
1018,SIM_2024,5,1,1,PI299164,2/15/2024,59,,27.7,11.7
1019,SIM_2024,5,1,1,ILL358,2/15/2024,70,113,28.3,11.3
1020,SIM_2024,5,1,1,PI432002,2/15/2024,92,119,33,22
1021,SIM_2024,5,1,2,PI289077,2/15/2024,59,102,28,15.3
1022,SIM_2024,5,1,2,PI339289,2/15/2024,76,113,22.3,12.3
1023,SIM_2024,5,1,2,PI289079,2/15/2024,64,,27.7,16
1025,SIM_2024,5,1,2,ILL918,2/15/2024,72,,33.3,13.3
1026,SIM_2024,5,1,2,PI432085,2/15/2024,64,,22.7,9
1027,SIM_2024,5,1,2,ILL6493,2/15/2024,70,,28,11.3
1028,SIM_2024,5,1,2,PI175754,2/15/2024,89,,26.7,13.3
1030,SIM_2024,5,1,2,PI426778,2/15/2024,87,,27.7,10.7
1031,SIM_2024,5,1,2,PI432190,2/15/2024,80,121,34.3,14
1032,SIM_2024,5,1,2,PI451766,2/15/2024,76,113,34.7,18
1033,SIM_2024,5,1,2,ILL6644,2/15/2024,70,,24.3,11
1034,SIM_2024,5,1,2,PI319367,2/15/2024,70,,21,13.7
1035,SIM_2024,5,1,2,ILL10690,2/15/2024,70,113,23.3,7.7
1036,SIM_2024,5,1,2,ILL454,2/15/2024,88,109,28.3,11.7
1037,SIM_2024,5,1,2,ILL186,2/15/2024,88,123,17.3,11.7
1039,SIM_2024,5,1,2,ILL360,2/15/2024,61,109,34,11.7
1040,SIM_2024,5,1,2,PI490288,2/15/2024,88,119,31.7,15.7
1041,SIM_2024,5,1,3,ILL4857,2/15/2024,79,113,24.7,9
1042,SIM_2024,5,1,3,PI472119,2/15/2024,59,,26.7,10.7
1043,SIM_2024,5,1,3,ILL1938,2/15/2024,60,109,29.3,10
1045,SIM_2024,5,1,3,PI431739,2/15/2024,88,,26,12.7
1046,SIM_2024,5,1,3,PI251248,2/15/2024,70,,19,7.3
1048,SIM_2024,5,1,3,ILL10864,2/15/2024,59,109,27.3,12.3
1049,SIM_2024,5,1,3,ILL6925,2/15/2024,70,,24.3,12.3
1051,SIM_2024,5,1,3,PI432124,2/15/2024,76,113,21.7,7
1052,SIM_2024,5,1,3,ILL2406,2/15/2024,73,113,30,14.3
1053,SIM_2024,5,1,3,PI289070,2/15/2024,73,,36.7,18.7
1054,SIM_2024,5,1,3,ILL7070,2/15/2024,70,,31.3,17
1055,SIM_2024,5,1,3,ILL5424,2/15/2024,57,109,25.3,13.7
1056,SIM_2024,5,1,3,ILL7437,2/15/2024,70,,28,9.7
1057,SIM_2024,5,1,3,PI217949,2/15/2024,70,,25,5.7
1058,SIM_2024,5,1,3,PI472383,2/15/2024,70,121,13,10.3
1060,SIM_2024,5,1,3,PI429838,2/15/2024,78,,30,15
1062,SIM_2024,5,1,4,PI432188,2/15/2024,71,119,24.7,10.3
1063,SIM_2024,5,1,4,PI508090,2/15/2024,70,119,36.7,12.3
1064,SIM_2024,5,1,4,PI431728,2/15/2024,85,,25.3,16.7
1065,SIM_2024,5,1,4,PI486127,2/15/2024,80,,31.3,18.7
1066,SIM_2024,5,1,4,PI299121,2/15/2024,70,119,27.7,9.3
1067,SIM_2024,5,1,4,PI320935,2/15/2024,59,109,23.3,13.7
1068,SIM_2024,5,1,4,PI472320,2/15/2024,70,,25.3,11.7
1069,SIM_2024,5,1,4,PI476365,2/15/2024,89,,30.3,17.3
1070,SIM_2024,5,1,4,PI432286,2/15/2024,88,,25.7,14
1071,SIM_2024,5,1,4,ILL211,2/15/2024,89,,23.7,9.7
1072,SIM_2024,5,1,4,PI431631,2/15/2024,59,109,34.3,16
1073,SIM_2024,5,1,4,ILL413,2/15/2024,76,,29,13
1074,SIM_2024,5,1,4,PI212100,2/15/2024,80,119,39.3,16.3
1075,SIM_2024,5,1,4,PI431717,2/15/2024,86,,27.7,15.7
1076,SIM_2024,5,1,4,ILL6281,2/15/2024,55,,29,11.7
1077,SIM_2024,5,1,4,PI299237,2/15/2024,79,109,21.3,12.7
1078,SIM_2024,5,1,4,PI477921,2/15/2024,66,,35,11.7
1079,SIM_2024,5,1,4,ILL769,2/15/2024,70,109,31.3,15.7
1080,SIM_2024,5,1,4,ILL8614,2/15/2024,60,109,25.3,9
1081,SIM_2024,5,1,5,PI339292,2/15/2024,89,,25.3,15.7
1083,SIM_2024,5,1,5,PI431884,2/15/2024,73,109,23.3,16
1084,SIM_2024,5,1,5,ILL4875,2/15/2024,88,,24.3,
1085,SIM_2024,5,1,5,ILL6750,2/15/2024,59,,33.7,13.3
1086,SIM_2024,5,1,5,ILL10826,2/15/2024,60,98,33,11.3
1087,SIM_2024,5,1,5,ILL1671,2/15/2024,88,,28,15.3
1088,SIM_2024,5,1,5,PI472484,2/15/2024,59,98,24.3,9.3
1089,SIM_2024,5,1,5,PI320944,2/15/2024,70,,31.7,15
1090,SIM_2024,5,1,5,ILL4841,2/15/2024,76,,29,11.7
1091,SIM_2024,5,1,5,ILL6848,2/15/2024,64,109,27,12.3
1092,SIM_2024,5,1,5,ILL7979,2/15/2024,59,98,25.3,9.7
1093,SIM_2024,5,1,5,ILL3517,2/15/2024,70,109,26.7,10
1094,SIM_2024,5,1,5,ILL906,2/15/2024,88,,25,
1095,SIM_2024,5,1,5,ILL890,2/15/2024,70,109,24.3,13.3
1096,SIM_2024,5,1,5,PI420929,2/15/2024,71,109,20.7,11.7
1097,SIM_2024,5,1,5,PI297787,2/15/2024,78,,25.7,16
1098,SIM_2024,5,1,5,PI207492,2/15/2024,79,109,27,13
1099,SIM_2024,5,1,5,ILL4606,2/15/2024,61,109,23,12.3
1100,SIM_2024,5,1,5,PI339310,2/15/2024,76,109,17,12
1101,SIM_2024,5,1,6,PI299207,2/15/2024,59,109,38,11
1102,SIM_2024,5,1,6,PI290716,2/15/2024,59,102,33.3,15.7
1103,SIM_2024,5,1,6,W627767,2/15/2024,59,96,29,11
1104,SIM_2024,5,1,6,PI297287,2/15/2024,79,119,30,15
1105,SIM_2024,5,1,6,PI472372,2/15/2024,70,,17.3,9.7
1106,SIM_2024,5,1,6,ILL10810,2/15/2024,70,119,24,10.7
1107,SIM_2024,5,1,6,PI518732,2/15/2024,88,119,31,14.7
1108,SIM_2024,5,1,6,ILL858,2/15/2024,70,,27,13.3
1109,SIM_2024,5,1,6,ILL1649,2/15/2024,60,109,33,13.7
1110,SIM_2024,5,1,6,ILL5537,2/15/2024,59,109,33.7,10
1111,SIM_2024,5,1,6,PI431774,2/15/2024,60,102,30.7,12
1112,SIM_2024,5,1,6,ILL217,2/15/2024,59,102,30.3,11.7
1113,SIM_2024,5,1,6,ILL4899,2/15/2024,59,96,33,14.3
1114,SIM_2024,5,1,6,PI244046,2/15/2024,70,109,30.7,16
1115,SIM_2024,5,1,6,W627765,2/15/2024,70,113,30.7,11
1117,SIM_2024,5,1,6,ILL5639,2/15/2024,74,113,31.3,12.3
1118,SIM_2024,5,1,6,W627766,2/15/2024,70,,23,7.3
1119,SIM_2024,5,1,6,ILL589,2/15/2024,89,121,19,13
1120,SIM_2024,5,1,6,ILL537,2/15/2024,72,113,31,13
1121,SIM_2024,5,1,7,PI472161,2/15/2024,60,109,17.3,10
1122,SIM_2024,5,1,7,ILL6783,2/15/2024,70,109,27.3,12.7
1123,SIM_2024,5,1,7,ILL1097,2/15/2024,59,102,27.3,8.3
1124,SIM_2024,5,1,7,ILL7774,2/15/2024,70,,15.7,8.7
1125,SIM_2024,5,1,7,PI432033,2/15/2024,81,,27.3,8.7
1126,SIM_2024,5,1,7,PI472535,2/15/2024,70,119,16,10
1127,SIM_2024,5,1,7,PI298357,2/15/2024,79,113,24.3,13.3
1128,SIM_2024,5,1,7,ILL6001,2/15/2024,70,,28.7,12
1129,SIM_2024,5,1,7,PI432106,2/15/2024,71,119,22,12.7
1131,SIM_2024,5,1,7,ILL486,2/15/2024,70,,29.7,12.3
1132,SIM_2024,5,1,7,PI431633,2/15/2024,70,,31,13.7
1133,SIM_2024,5,1,7,PI320954,2/15/2024,59,109,29.7,12.3
1135,SIM_2024,5,1,7,ILL4409,2/15/2024,80,121,34.7,10.7
1136,SIM_2024,5,1,7,PI298023,2/15/2024,91,113,26.3,9.3
1137,SIM_2024,5,1,7,ILL5988,2/15/2024,70,,31.7,12
1138,SIM_2024,5,1,7,PI431613,2/15/2024,72,,27.7,12.7
1139,SIM_2024,5,1,7,ILL4164,2/15/2024,92,,23.3,9.7
1140,SIM_2024,5,1,7,ILL2181,2/15/2024,80,,32.7,13.7
1141,SIM_2024,5,1,8,ILL4831,2/15/2024,59,,16.3,9.3
1143,SIM_2024,5,1,8,W627760,2/15/2024,70,113,27.7,9.7
1144,SIM_2024,5,1,8,PI431618,2/15/2024,70,119,26.3,15.3
1145,SIM_2024,5,1,8,ILL6149,2/15/2024,61,,28.3,11
1146,SIM_2024,5,1,8,ILL5151,2/15/2024,70,,23.3,11.3
1147,SIM_2024,5,1,8,ILL6415,2/15/2024,69,,27.7,9
1148,SIM_2024,5,1,8,ILL8114,2/15/2024,67,111,27,10
1149,SIM_2024,5,1,8,PI320953,2/15/2024,92,,24.7,15
1150,SIM_2024,5,1,8,PI431756,2/15/2024,86,,27.7,13.3
1151,SIM_2024,5,1,8,PI343025,2/15/2024,70,119,24.3,10
1152,SIM_2024,5,1,8,ILL10866,2/15/2024,70,,26.7,6.7
1153,SIM_2024,5,1,8,PI472562,2/15/2024,70,123,18.7,11
1154,SIM_2024,5,1,8,ILL5533,2/15/2024,59,109,28,15
1155,SIM_2024,5,1,8,PI577168,2/15/2024,59,102,25,10
1156,SIM_2024,5,1,8,ILL7789,2/15/2024,70,,29,20.3
1157,SIM_2024,5,1,8,PI472400,2/15/2024,59,109,24,10.7
1158,SIM_2024,5,1,8,ILL312,2/15/2024,79,109,34,17.3
1159,SIM_2024,5,1,8,PI518733,2/15/2024,87,,23,14.7
1160,SIM_2024,5,1,8,ILL7745,2/15/2024,70,109,30.3,9.3
1161,SIM_2024,5,1,9,W627768,2/15/2024,70,109,25.3,10.3
1162,SIM_2024,5,1,9,PI468899,2/15/2024,60,108,24,12
1163,SIM_2024,5,1,9,ILL3487,2/15/2024,70,,29.7,10
1164,SIM_2024,5,1,9,PI299354,2/15/2024,79,,34.3,16.3
1166,SIM_2024,5,1,9,PI431656,2/15/2024,70,,26.7,15
1167,SIM_2024,5,1,9,PI312175,2/15/2024,70,,31.7,10
1168,SIM_2024,5,1,9,PI431780,2/15/2024,70,,26,11.7
1169,SIM_2024,5,1,9,ILL1947,2/15/2024,,,29.3,13.7
1170,SIM_2024,5,1,9,PI472316,2/15/2024,59,102,27,10.7
1171,SIM_2024,5,1,9,PI431753,2/15/2024,64,109,23,12
1173,SIM_2024,5,1,9,PI472137,2/15/2024,70,,28,11.7
1174,SIM_2024,5,1,9,W627756,2/15/2024,74,,25.7,16.3
1175,SIM_2024,5,1,9,ILL5645,2/15/2024,79,,33.3,15.3
1176,SIM_2024,5,1,9,PI368651,2/15/2024,70,,30,13.7
1177,SIM_2024,5,1,9,ILL1460,2/15/2024,70,119,25,13
1179,SIM_2024,5,1,9,ILL5519,2/15/2024,71,,34,13.3
1180,SIM_2024,5,1,9,PI486128,2/15/2024,89,,27.3,15.3
1181,SIM_2024,5,1,10,PI177442,2/15/2024,79,,20.7,15
1182,SIM_2024,5,1,10,PI329167,2/15/2024,70,109,30.3,12.7
1184,SIM_2024,5,1,10,ILL7650,2/15/2024,66,109,29.3,13
1185,SIM_2024,5,1,10,PI308614,2/15/2024,70,109,25.7,12
1186,SIM_2024,5,1,10,ILL7981,2/15/2024,59,102,34,11.7
1187,SIM_2024,5,1,10,PI311107,2/15/2024,88,,26.3,17
1189,SIM_2024,5,1,10,ILL10865,2/15/2024,60,109,32.7,11.7
1190,SIM_2024,5,1,10,PI431666,2/15/2024,72,109,27.7,12
1191,SIM_2024,5,1,10,ILL1939,2/15/2024,67,,24.7,12.3
1192,SIM_2024,5,1,10,ILL357,2/15/2024,66,,24,8.3
1193,SIM_2024,5,1,10,ILL324,2/15/2024,89,,30.3,13
1194,SIM_2024,5,1,10,ILL590,2/15/2024,59,98,27,12
1195,SIM_2024,5,1,10,PI432185,2/15/2024,70,109,26,10
1196,SIM_2024,5,1,10,ILL1940,2/15/2024,64,109,33.3,13
1197,SIM_2024,5,1,10,PI357226,2/15/2024,86,,27.3,14
1198,SIM_2024,5,1,10,ILL5505,2/15/2024,75,109,23.7,10.7
1200,SIM_2024,5,1,10,ILL86,2/15/2024,76,,19.7,11
1201,SIM_2024,5,1,11,PI308611,2/15/2024,59,102,24,7.7
1202,SIM_2024,5,1,11,PI299366,2/15/2024,59,98,30.3,15.7
1203,SIM_2024,5,1,11,PI432059,2/15/2024,70,,27.7,13.3
1205,SIM_2024,5,1,11,PI345638,2/15/2024,70,109,20,6.7
1206,SIM_2024,5,1,11,PI297754,2/15/2024,60,,35,15.7
1208,SIM_2024,5,1,11,PI299120,2/15/2024,70,113,23,10.7
1209,SIM_2024,5,1,11,ILL4782,2/15/2024,70,,30,11.3
1210,SIM_2024,5,1,11,ILL482,2/15/2024,73,,26,12.7
1211,SIM_2024,5,1,11,W627758,2/15/2024,59,,26.7,8.7
1212,SIM_2024,5,1,11,ILL4774,2/15/2024,59,98,27,9.7
1213,SIM_2024,5,1,11,PI299289,2/17/2024,81.5,113,24.3,14.15
1214,SIM_2024,5,1,11,PI339285,2/15/2024,88,119,22.3,8.3
1215,SIM_2024,5,1,11,PI472564,2/15/2024,70,,25.3,12.3
1216,SIM_2024,5,1,11,PI431710,2/15/2024,81,113,22.3,13.3
1217,SIM_2024,5,1,11,PI432201,2/15/2024,59,,36,14
1218,SIM_2024,5,1,11,ILL1474,2/15/2024,70,,26,10.7
1220,SIM_2024,5,1,11,ILL1959,2/15/2024,60,,23,8.3
1221,SIM_2024,5,1,12,PI472458,2/15/2024,70,113,13.3,9.3
1222,SIM_2024,5,1,12,ILL5553,2/15/2024,70,119,33.3,11
1223,SIM_2024,5,1,12,PI472143,2/15/2024,57,102,27.3,7.3
1224,SIM_2024,5,1,12,ILL7084,2/15/2024,70,,22,8
1225,SIM_2024,5,1,12,PI432184,2/15/2024,70,,26.3,14.3
1226,SIM_2024,5,1,12,ILL5416,2/15/2024,80,119,31.3,13.3
1227,SIM_2024,5,1,12,PI472213,2/15/2024,70,113,28.7,10.7
1228,SIM_2024,5,1,12,ILL359,2/15/2024,88,119,27.7,10
1229,SIM_2024,5,1,12,PI432071,2/15/2024,70,113,26.7,13.7
1230,SIM_2024,5,1,12,PI320936,2/15/2024,70,119,29.3,14.3
1232,SIM_2024,5,1,12,PI533693,2/15/2024,88,,29.7,12
1233,SIM_2024,5,1,12,ILL508,2/15/2024,89,123,29.7,12.3
1234,SIM_2024,5,1,12,PI298122,2/15/2024,59,113,28.3,10.7
1235,SIM_2024,5,1,12,ILL2297,2/15/2024,72,109,25.7,8.7
1236,SIM_2024,5,1,12,PI299285,2/15/2024,89,98,26,12.7
1239,SIM_2024,5,1,12,PI280686,2/15/2024,70,113,23,7.7
1241,SIM_2024,5,1,13,PI472549,2/15/2024,89,,21.3,12.3
1242,SIM_2024,5,1,13,ILL1220,2/15/2024,79,119,30.3,12.3
1243,SIM_2024,5,1,13,ILL7090,2/15/2024,70,,27.7,13.3
1245,SIM_2024,5,1,13,PI345627,2/15/2024,89,,41,18
1247,SIM_2024,5,1,13,PI431712,2/15/2024,73,119,27.3,14.7
1248,SIM_2024,5,1,13,PI518731,2/15/2024,80,,28,11.3
1249,SIM_2024,5,1,13,PI432147,2/15/2024,88,109,31.7,19.7
1250,SIM_2024,5,1,13,ILL5028,2/15/2024,70,109,29,11.3
1251,SIM_2024,5,1,13,ILL6350,2/15/2024,70,109,22.7,9
1252,SIM_2024,5,1,13,W627761,2/15/2024,70,119,24.3,10.3
1253,SIM_2024,5,1,13,PI283604,2/15/2024,59,102,27.3,14.3
1255,SIM_2024,5,1,13,ILL6199,2/15/2024,72,,26.3,11.7
1256,SIM_2024,5,1,13,ILL956,2/15/2024,80,,36.3,11.7
1257,SIM_2024,5,1,13,ILL4791,2/15/2024,70,,24.3,8.3
1258,SIM_2024,5,1,13,PI472340,2/15/2024,55,98,16.7,8
1260,SIM_2024,5,1,13,PI320952,2/15/2024,89,,25.3,21
1261,SIM_2024,5,1,14,PI182217,2/15/2024,80,,17.3,9
1262,SIM_2024,5,1,14,PI431809,2/15/2024,72,,27.7,12.7
1263,SIM_2024,5,1,14,PI251032,2/15/2024,77,,39,13
1265,SIM_2024,5,1,14,W627759,2/15/2024,80,,34.3,18
1266,SIM_2024,5,1,14,ILL4671,2/15/2024,76,,32.3,14.7
1267,SIM_2024,5,1,14,ILL241,2/17/2024,66.5,109,28.2,15.7
1268,SIM_2024,5,1,14,PI299117,2/15/2024,87,109,30.3,11.3
1269,SIM_2024,5,1,14,PI431679,2/15/2024,89,,21.7,13.3
1270,SIM_2024,5,1,14,PI533688,2/17/2024,88.5,122,29.85,15.35
1270,SIM_2024,5,1,14,PI533688,2/17/2024,88,,31.7,15.7
1271,SIM_2024,5,1,14,PI297767,2/15/2024,88,,24.7,12
1272,SIM_2024,5,1,14,PI297285,2/15/2024,80,,35.7,14.7
1273,SIM_2024,5,1,14,PI472380,2/17/2024,70,109,24.3,11.3
1274,SIM_2024,5,1,14,ILL7108,2/15/2024,83,118,23.7,11.3
1275,SIM_2024,5,1,14,ILL10863,2/15/2024,70,,20.7,10
1276,SIM_2024,5,1,14,PI211602,2/15/2024,88,,27.3,14.3
1277,SIM_2024,5,1,14,PI431980,2/15/2024,70,,29,16.7
1278,SIM_2024,5,1,14,PI165586,2/15/2024,70,,28.3,16
1279,SIM_2024,5,1,14,PI174246,2/15/2024,77,,25,13.3
1280,SIM_2024,5,1,14,ILL1924,2/15/2024,86,,27.3,13.3
1281,SIM_2024,5,1,15,ILL4345,2/15/2024,72,109,21.3,8
1283,SIM_2024,5,1,15,ILL7686,2/15/2024,73,109,27,13.3
1284,SIM_2024,5,1,15,PI472590,2/15/2024,70,109,30,12
1285,SIM_2024,5,1,15,ILL4781,2/15/2024,92,,24.7,15
1286,SIM_2024,5,1,15,ILL4900,2/15/2024,73,109,23.3,12.3
1287,SIM_2024,5,1,15,ILL469,2/17/2024,79.5,126,25.35,12.2
1288,SIM_2024,5,1,15,PI472224,2/15/2024,59,98,20,8.7
1289,SIM_2024,5,1,15,PI472205,2/15/2024,59,102,17.3,10.3
1290,SIM_2024,5,1,15,PI300250,2/15/2024,70,109,20,10.3
1291,SIM_2024,5,1,15,PI431714,2/15/2024,88,113,24,14
1292,SIM_2024,5,1,15,ILL4819,2/15/2024,66,109,24.7,11
1293,SIM_2024,5,1,15,PI420925,2/15/2024,70,,20.3,10.3
1295,SIM_2024,5,1,15,ILL7727,2/15/2024,69,109,25.7,12.7
1296,SIM_2024,5,1,15,PI518734,2/15/2024,88,,35,13
1297,SIM_2024,5,1,15,PI343026,2/15/2024,80,109,29.7,15.3
1298,SIM_2024,5,1,15,ILL5582,2/15/2024,59,109,31.7,12.7
1299,SIM_2024,5,1,15,PI178971,2/15/2024,79,,22,13
1301,SIM_2024,5,1,16,PI329158,2/15/2024,59,102,29.3,11.3
1302,SIM_2024,5,1,16,ILL969,2/15/2024,59,,33,15.7
1303,SIM_2024,5,1,16,PI299215,2/15/2024,69,109,33.3,9.7
1304,SIM_2024,5,1,16,W627763,2/15/2024,70,119,27.7,8.7
1305,SIM_2024,5,1,16,PI289066,2/15/2024,92,,24.7,10
1307,SIM_2024,5,1,16,PI472615,2/15/2024,64,,25.3,8.3
1308,SIM_2024,5,1,16,ILL6994,2/15/2024,70,113,22.7,9.3
1309,SIM_2024,5,1,16,PI472175,2/15/2024,70,123,15.3,9
1310,SIM_2024,5,1,16,PI298644,2/15/2024,89,121,30,14.7
1311,SIM_2024,5,1,16,PI298631,2/15/2024,59,102,24,15.3
1312,SIM_2024,5,1,16,ILL7012,2/15/2024,70,,31,12
1313,SIM_2024,5,1,16,PI472339,2/15/2024,70,,24.3,9.7
1314,SIM_2024,5,1,16,PI472569,2/15/2024,88,119,24.7,8.3
1316,SIM_2024,5,1,16,PI431640,2/15/2024,73,119,27.3,13.3
1317,SIM_2024,5,1,16,PI229611,2/15/2024,70,109,21.7,7.3
1320,SIM_2024,5,1,16,PI370636,2/15/2024,70,119,24.3,13.3
1321,SIM_2024,5,1,17,ILL4915,2/15/2024,70,121,24.3,10.3
1323,SIM_2024,5,1,17,ILL6870,2/15/2024,60,109,20,7.7
1324,SIM_2024,5,1,17,ILL435,2/15/2024,89,123,22.7,12
1325,SIM_2024,5,1,17,PI299116,2/15/2024,71,,27.3,10.7
1326,SIM_2024,5,1,17,PI472136,2/15/2024,70,,21.3,9.7
1327,SIM_2024,5,1,17,PI431630,2/15/2024,90,,28.3,11.7
1328,SIM_2024,5,1,17,PI432236,2/15/2024,88,,24.3,14
1330,SIM_2024,5,1,17,W627754,2/15/2024,88,,28.7,10.7
1331,SIM_2024,5,1,17,ILL6528,2/15/2024,70,119,25.7,9.3
1332,SIM_2024,5,1,17,PI432001,2/15/2024,70,,22.7,8.7
1333,SIM_2024,5,1,17,PI431684,2/15/2024,71,,31.3,13.3
1334,SIM_2024,5,1,17,ILL4738,2/15/2024,59,98,26.3,12.3
1335,SIM_2024,5,1,17,ILL167,2/15/2024,73,113,25.7,12.3
1337,SIM_2024,5,1,17,PI193547,2/15/2024,88,,33.3,15.7
1338,SIM_2024,5,1,17,ILL1005,2/15/2024,70,119,27.7,9.7
1339,SIM_2024,5,1,17,PI298645,2/15/2024,80,,29.3,17
1340,SIM_2024,5,1,17,PI299351,2/15/2024,88,,29,14.7
1341,SIM_2024,5,1,18,ILL5261,2/15/2024,64,,26,9.7
1342,SIM_2024,5,1,18,PI431643,2/15/2024,78,,29.3,13.7
1343,SIM_2024,5,1,18,PI431863,2/15/2024,87,113,30.7,18.3
1344,SIM_2024,5,1,18,PI181886,2/15/2024,73,,30.3,14.7
1345,SIM_2024,5,1,18,PI431705,2/15/2024,76,119,33,15
1347,SIM_2024,5,1,18,ILL10947,2/15/2024,70,,25.3,9.3
1348,SIM_2024,5,1,18,ILL4152,2/15/2024,70,,24,10.7
1349,SIM_2024,5,1,18,PI178940,2/15/2024,59,98,45.3,19.3
1350,SIM_2024,5,1,18,PI472452,2/15/2024,70,,14.7,11.3
1351,SIM_2024,5,1,18,PI289069,2/15/2024,70,,28,12
1352,SIM_2024,5,1,18,ILL8006,2/15/2024,70,,24.3,13.7
1354,SIM_2024,5,1,18,PI179324,2/15/2024,89,113,20.3,10
1355,SIM_2024,5,1,18,PI374116,2/15/2024,88,119,24.3,10.7
1356,SIM_2024,5,1,18,W627780,2/15/2024,70,,24.7,10.3
1357,SIM_2024,5,1,18,PI431810,2/15/2024,72,,24,12
1358,SIM_2024,5,1,18,PI298922,2/15/2024,64,,21,11.3
1359,SIM_2024,5,1,18,PI431663,2/15/2024,86,109,32,10.3
1360,SIM_2024,5,1,18,PI429369,2/15/2024,71,,22,10.7
1361,SIM_2024,5,1,19,ILL440,2/15/2024,89,119,20.3,10
1362,SIM_2024,5,1,19,ILL6406,2/15/2024,70,,29,16.7
1363,SIM_2024,5,1,19,PI420818,2/15/2024,83,,29.7,12.3
1364,SIM_2024,5,1,19,PI472632,2/15/2024,74,108,24.3,13.7
1365,SIM_2024,5,1,19,PI339279,2/15/2024,70,,24,10.7
1366,SIM_2024,5,1,19,W627782,2/15/2024,70,,29.7,12
1367,SIM_2024,5,1,19,ILL5509,2/15/2024,70,,30,12
1368,SIM_2024,5,1,19,ILL507,2/15/2024,92,112,21,14.3
1369,SIM_2024,5,1,19,PI472200,2/15/2024,59,98,22.3,10.7
1370,SIM_2024,5,1,19,PI426807,2/15/2024,72,,23,10.7
1371,SIM_2024,5,1,19,ILL1922,2/15/2024,76,,30.3,16.7
1372,SIM_2024,5,1,19,ILL5956,2/15/2024,70,,20.3,11.3
1373,SIM_2024,5,1,19,PI193548,2/15/2024,59,102,20.3,11
1374,SIM_2024,5,1,19,PI432087,2/15/2024,70,,27.3,11.7
1375,SIM_2024,5,1,19,PI432237,2/15/2024,70,,26,12.7
1376,SIM_2024,5,1,19,PI533691,2/15/2024,79,112,40.7,15.7
1377,SIM_2024,5,1,19,PI329157,2/15/2024,70,,29,10.7
1378,SIM_2024,5,1,19,ILL1706,2/15/2024,70,,28.7,11.7
1379,SIM_2024,5,1,19,PI250156,2/15/2024,70,,27,8
1381,SIM_2024,5,1,20,PI426797,2/15/2024,59,102,17,6
1382,SIM_2024,5,1,20,ILL4956,2/15/2024,70,109,21.7,8.7
1383,SIM_2024,5,1,20,PI339283,2/15/2024,80,,13.7,9
1384,SIM_2024,5,1,20,ILL353,2/15/2024,70,,23.7,9
1385,SIM_2024,5,1,20,PI374121,2/15/2024,72,119,24.3,8.3
1386,SIM_2024,5,1,20,ILL840,2/15/2024,62,109,25.3,10.7
1387,SIM_2024,5,1,20,PI238758,2/15/2024,79,109,29.3,18.7
1390,SIM_2024,5,1,20,ILL5968,2/15/2024,73,109,23.7,10.7
1391,SIM_2024,5,1,20,PI320937,2/15/2024,92,,30.3,17.3
1392,SIM_2024,5,1,20,ILL4886,2/15/2024,74,,25.7,12.7
1393,SIM_2024,5,1,20,PI163589,2/15/2024,88,,24,11
1394,SIM_2024,5,1,20,ILL5384,2/15/2024,60,,24.3,9.7
1395,SIM_2024,5,1,20,PI432271,2/15/2024,88,,38.3,17.3
1396,SIM_2024,5,1,20,PI472122,2/15/2024,59,,32.7,10.7
1397,SIM_2024,5,1,20,PI472488,2/15/2024,59,102,27.3,11
1398,SIM_2024,5,1,20,PI299371,2/15/2024,80,,28,14.3
1401,SIM_2024,5,1,21,ILL10825,2/15/2024,59,97,22.3,9.3
1402,SIM_2024,5,1,21,ILL1890,2/15/2024,59,102,25.3,9.7
1403,SIM_2024,5,1,21,ILL4830,2/15/2024,70,121,23,8.7
1404,SIM_2024,5,1,21,PI374120,2/15/2024,59,109,24.7,13.3
1405,SIM_2024,5,1,21,PI431731,2/15/2024,79,117,21,11.3
1406,SIM_2024,5,1,21,PI329169,2/15/2024,70,121,30.3,10.3
1407,SIM_2024,5,1,21,W627762,2/17/2024,88,119,24.3,9
1408,SIM_2024,5,1,21,PI357225,2/15/2024,80,,27.7,14.7
1409,SIM_2024,5,1,21,PI358602,2/15/2024,59,,27.3,13.3
1410,SIM_2024,5,1,21,ILL4778,2/15/2024,89,,30.3,16.7
1413,SIM_2024,5,1,21,ILL610,2/15/2024,79,,31,13.3
1414,SIM_2024,5,1,21,PI251784,2/15/2024,76,121,32,13.7
1415,SIM_2024,5,1,21,PI368647,2/15/2024,100,,28,11.3
1416,SIM_2024,5,1,21,L24,2/15/2024,60,109,18,6.7
1417,SIM_2024,5,1,21,PI426803,2/15/2024,70,,27.7,12.3
1418,SIM_2024,5,1,21,PI468900,2/15/2024,96,,26.3,10.3
1419,SIM_2024,5,1,21,ILL9951,2/15/2024,60,107,24.3,8.7
1420,SIM_2024,5,1,21,PI468901,2/15/2024,79,,33,11.7
1421,SIM_2024,5,1,22,ILL5626,2/15/2024,70,,24,9.7
1422,SIM_2024,5,1,22,PI472188,2/15/2024,70,,24.7,9.3
1423,SIM_2024,5,1,22,PI431987,2/15/2024,69,,27.3,8.7
1424,SIM_2024,5,1,22,PI343023,2/15/2024,59,109,28.7,14
1425,SIM_2024,5,1,22,PI298923,2/15/2024,92,121,21.3,18.3
1426,SIM_2024,5,1,22,PI320941,2/15/2024,89,,28,16.7
1427,SIM_2024,5,1,22,PI426202,2/15/2024,83,,39.7,22
1428,SIM_2024,5,1,22,PI178939,2/15/2024,89,123,35,21
1429,SIM_2024,5,1,22,PI420924,2/15/2024,70,,32.7,14.7
1430,SIM_2024,5,1,22,PI297772,2/15/2024,89,119,29.3,20.7
1431,SIM_2024,5,1,22,ILL344,2/15/2024,59,102,20.7,10.3
1432,SIM_2024,5,1,22,ILL705,2/15/2024,88,123,30.3,13
1434,SIM_2024,5,1,22,ILL4804,2/15/2024,70,119,24.7,9.7
1435,SIM_2024,5,1,22,ILL6126,2/15/2024,66,,28.3,13
1436,SIM_2024,5,1,22,PI533690,2/15/2024,59,,23.7,15
1437,SIM_2024,5,1,22,PI299163,2/15/2024,89,,16,6.3
1438,SIM_2024,5,1,22,PI432212,2/15/2024,88,,26,14.3
1439,SIM_2024,5,1,22,PI273664,2/15/2024,66,109,27.7,15
1440,SIM_2024,5,1,22,ILL567,2/15/2024,89,113,18.7,10.7
1441,SIM_2024,5,1,23,PI468902,2/15/2024,81,,39,18.3
1442,SIM_2024,5,1,23,PI432005,2/15/2024,70,119,37,19
1444,SIM_2024,5,1,23,PI472194,2/15/2024,70,119,14,10
1445,SIM_2024,5,1,23,ILL600,2/15/2024,89,,42.7,20.7
1446,SIM_2024,5,1,23,ILL10284,2/15/2024,70,119,29,10.7
1447,SIM_2024,5,1,23,ILL4471,2/15/2024,70,109,32.3,16.3
1448,SIM_2024,5,1,23,ILL3485,2/15/2024,70,119,32.3,13
1449,SIM_2024,5,1,23,W627781,2/15/2024,59,,27.7,15.3
1450,SIM_2024,5,1,23,PI472559,2/15/2024,70,,20.7,9.3
1451,SIM_2024,5,1,23,PI431893,2/15/2024,86,109,27.7,12.7
1452,SIM_2024,5,1,23,PI472561,2/15/2024,70,,25,12.7
1453,SIM_2024,5,1,23,PI472354,2/15/2024,70,,16.7,9.3
1454,SIM_2024,5,1,23,ILL7495,2/15/2024,59,109,27.3,12.3
1455,SIM_2024,5,1,23,PI250158,2/15/2024,70,,15.7,10.3
1456,SIM_2024,5,1,23,PI211052,2/15/2024,84,,35,17.7
1457,SIM_2024,5,1,23,ILL4605,2/15/2024,66,109,31.3,12.7
1458,SIM_2024,5,1,23,ILL341,2/15/2024,57,109,38.3,18.3
1459,SIM_2024,5,1,23,PI431636,2/15/2024,70,119,29.7,14.3
1460,SIM_2024,5,1,23,PI606570,2/15/2024,,,30,14.7
1461,SIM_2024,5,1,24,PI431768,2/16/2024,70,,24.7,14.7
1462,SIM_2024,5,1,24,ILL82,2/16/2024,70,,23.7,9.7
1463,SIM_2024,5,1,24,PI490289,2/16/2024,60,96,31.3,14.7
1464,SIM_2024,5,1,24,ILL719,2/16/2024,87,,38.7,15.3
1465,SIM_2024,5,1,24,PI431624,2/16/2024,59,,26.7,15
1466,SIM_2024,5,1,24,PI431675,2/16/2024,80,,34.3,12.7
1467,SIM_2024,5,1,24,PI432000,2/16/2024,64,,21.3,14
1468,SIM_2024,5,1,24,PI379368,2/16/2024,80,,25.3,10.3
1469,SIM_2024,5,1,24,PI370481,2/16/2024,80,,30,12.7
1470,SIM_2024,5,1,24,ILL151,2/16/2024,80,,26.3,21.7
1471,SIM_2024,5,1,24,PI471916,2/16/2024,64,,27.7,18.7
1472,SIM_2024,5,1,24,PI193817,2/16/2024,70,119,24.7,12
1473,SIM_2024,5,1,24,ILL71,2/16/2024,59,100,26.7,14.3
1474,SIM_2024,5,1,24,ILL2684,2/16/2024,70,,22.3,8
1475,SIM_2024,5,1,24,PI458503,2/16/2024,59,,27,15.7
1476,SIM_2024,5,1,24,PI471917,2/16/2024,59,109,33.3,14
1477,SIM_2024,5,1,24,PI431622,2/16/2024,86,,27,13.7
1478,SIM_2024,5,1,24,PI412922,2/16/2024,71,,25.7,13
1480,SIM_2024,5,1,24,ILL1861,2/16/2024,60,108,19.7,7.3
1481,SIM_2024,5,1,25,PI431888,2/16/2024,86,118,27.3,11.7
1482,SIM_2024,5,1,25,PI472331,2/16/2024,59,97,22.7,8
1483,SIM_2024,5,1,25,PI297284,2/16/2024,71,,30.3,13
1484,SIM_2024,5,1,25,PI432028,2/16/2024,80,108,23.7,10.7
1485,SIM_2024,5,1,25,ILL5595,2/16/2024,59,97,23.3,12.7
1487,SIM_2024,5,1,25,PI426784,2/16/2024,59,97,19.7,11
1488,SIM_2024,5,1,25,ILL7978,2/16/2024,59,101,29.3,12
1489,SIM_2024,5,1,25,ILL5653,2/16/2024,64,101,32.7,10.7
1490,SIM_2024,5,1,25,PI431642,2/16/2024,70,108,31.7,16.3
1491,SIM_2024,5,1,25,PI169534,2/16/2024,89,,38.7,20
1492,SIM_2024,5,1,25,PI472274,2/16/2024,59,97,24.7,10.3
1493,SIM_2024,5,1,25,PI451763,2/16/2024,75,,29.7,16.3
1495,SIM_2024,5,1,25,PI379372,2/17/2024,80,,28.85,14.2
1496,SIM_2024,5,1,25,PI435954,2/16/2024,70,108,25.3,13.7
1497,SIM_2024,5,1,25,PI432245,2/16/2024,70,101,34.3,14
1498,SIM_2024,5,1,25,PI431923,2/16/2024,76,,25.7,18.3
1499,SIM_2024,5,1,25,PI472195,2/16/2024,60,97,16.7,9.3
1500,SIM_2024,5,1,25,ILL8007,2/16/2024,59,97,15.3,9.7
1501,SIM_2024,5,2,1,ILL5639,2/16/2024,75,,28,12.7
1502,SIM_2024,5,2,1,ILL360,2/16/2024,73,,29.7,12.7
1503,SIM_2024,5,2,1,PI472161,2/16/2024,59,97,14.7,9.3
1504,SIM_2024,5,2,1,PI432059,2/16/2024,70,112,25,9.3
1505,SIM_2024,5,2,1,PI431663,2/16/2024,75,,21.3,5.3
1506,SIM_2024,5,2,1,PI472549,2/16/2024,60,97,28.7,12
1507,SIM_2024,5,2,1,ILL3485,2/16/2024,60,97,25,11.7
1508,SIM_2024,5,2,1,PI426797,2/16/2024,59,97,22.3,11.3
1509,SIM_2024,5,2,1,ILL10825,2/16/2024,59,101,25.3,9.7
1510,SIM_2024,5,2,1,ILL4857,2/16/2024,75,,25.3,11.7
1511,SIM_2024,5,2,1,ILL4738,2/16/2024,71,112,29.3,13.7
1512,SIM_2024,5,2,1,PI181771,2/16/2024,72,118,26.3,10
1513,SIM_2024,5,2,1,ILL10866,2/16/2024,59,97,27,9.7
1514,SIM_2024,5,2,1,ILL151,2/16/2024,83,,27.3,13.3
1515,SIM_2024,5,2,1,PI182217,2/16/2024,73,,15.7,8.7
1518,SIM_2024,5,2,1,ILL1947,2/16/2024,,,33.3,9.7
1519,SIM_2024,5,2,1,PI431884,2/16/2024,75,,30.7,13.3
1520,SIM_2024,5,2,1,PI299121,2/16/2024,70,112,27.7,10.7
1521,SIM_2024,5,2,2,PI472400,2/16/2024,59,97,15.3,9.3
1522,SIM_2024,5,2,2,ILL7650,2/16/2024,62,97,27.3,12.7
1523,SIM_2024,5,2,2,ILL4778,2/16/2024,,,28,14.7
1524,SIM_2024,5,2,2,PI471917,2/16/2024,75,118,38,13.7
1526,SIM_2024,5,2,2,PI432184,2/16/2024,78,,24.7,14.7
1527,SIM_2024,5,2,2,PI431630,2/16/2024,89,,29,12
1528,SIM_2024,5,2,2,PI179324,2/16/2024,74,,20.3,11.7
1529,SIM_2024,5,2,2,PI472564,2/16/2024,73,112,26.7,12
1530,SIM_2024,5,2,2,ILL7495,2/16/2024,69,101,23.3,9.7
1531,SIM_2024,5,2,2,PI320954,2/16/2024,78,,30,12.3
1533,SIM_2024,5,2,2,ILL5626,2/16/2024,70,101,24.3,9.7
1534,SIM_2024,5,2,2,PI299207,2/16/2024,71,,27.7,13
1535,SIM_2024,5,2,2,ILL4886,2/16/2024,70,,25.7,16.3
1536,SIM_2024,5,2,2,ILL4781,2/16/2024,89,,34,13.7
1537,SIM_2024,5,2,2,ILL969,2/16/2024,70,,26.7,17.3
1538,SIM_2024,5,2,2,W627759,2/16/2024,78,120,39,18
1540,SIM_2024,5,2,2,ILL4841,2/16/2024,74,,28.3,12
1541,SIM_2024,5,2,3,PI169534,2/16/2024,80,,35,10
1542,SIM_2024,5,2,3,PI472559,2/16/2024,60,97,22.7,6
1543,SIM_2024,5,2,3,PI339283,2/16/2024,74,,20.3,10
1544,SIM_2024,5,2,3,PI431712,2/16/2024,76,,17.7,12.7
1545,SIM_2024,5,2,3,PI312175,2/16/2024,70,,29.3,10
1546,SIM_2024,5,2,3,ILL1938,2/16/2024,72,121,24,9.3
1547,SIM_2024,5,2,3,PI297287,2/16/2024,75,120,34.7,16
1548,SIM_2024,5,2,3,PI490288,2/16/2024,74,,35,13
1549,SIM_2024,5,2,3,PI432071,2/16/2024,70,108,27.7,13.3
1550,SIM_2024,5,2,3,PI299116,2/16/2024,70,,28.7,11.3
1551,SIM_2024,5,2,3,ILL10863,2/16/2024,60,97,15,4.3
1552,SIM_2024,5,2,3,ILL4606,2/16/2024,66,108,25.7,12.7
1553,SIM_2024,5,2,3,PI432188,2/16/2024,70,112,24.7,14
1554,SIM_2024,5,2,3,PI299163,2/16/2024,89,,22.3,9.7
1555,SIM_2024,5,2,3,PI299366,2/16/2024,75,,30.3,14.7
1556,SIM_2024,5,2,3,ILL8010,2/16/2024,66,101,22,8.3
1557,SIM_2024,5,2,3,ILL9951,2/16/2024,59,97,25.7,10.3
1558,SIM_2024,5,2,3,PI431643,2/16/2024,72,,34.3,14.3
1559,SIM_2024,5,2,3,PI518734,2/16/2024,74,,34.7,13.7
1560,SIM_2024,5,2,3,ILL590,2/16/2024,59,97,22.7,9
1561,SIM_2024,5,2,4,PI339289,2/16/2024,79,,23,11.7
1562,SIM_2024,5,2,4,ILL357,2/16/2024,71,,24.7,6
1563,SIM_2024,5,2,4,PI518733,2/16/2024,78,,25,14
1564,SIM_2024,5,2,4,ILL7437,2/16/2024,64,101,24.3,8.7
1565,SIM_2024,5,2,4,PI472331,2/16/2024,59,97,21.7,4.7
1566,SIM_2024,5,2,4,ILL5582,2/16/2024,59,97,23.3,8.3
1568,SIM_2024,5,2,4,ILL4152,2/16/2024,70,108,22.3,8
1569,SIM_2024,5,2,4,ILL4671,2/16/2024,78,,21,8.7
1570,SIM_2024,5,2,4,PI299289,2/17/2024,77,,24,14
1571,SIM_2024,5,2,4,PI431780,2/16/2024,70,,26,12
1572,SIM_2024,5,2,4,PI431636,2/16/2024,70,,33.7,16.7
1573,SIM_2024,5,2,4,ILL6199,2/16/2024,70,112,28.3,14.7
1574,SIM_2024,5,2,4,PI299215,2/16/2024,70,,35,12.7
1575,SIM_2024,5,2,4,PI472458,2/16/2024,59,97,16.7,4.3
1576,SIM_2024,5,2,4,ILL1706,2/16/2024,59,97,22.7,8.3
1577,SIM_2024,5,2,4,ILL6848,2/16/2024,64,108,29.7,12.7
1578,SIM_2024,5,2,4,PI193817,2/16/2024,59,,26.7,10.7
1579,SIM_2024,5,2,4,PI431631,2/16/2024,70,,35.3,18.3
1580,SIM_2024,5,2,4,PI368647,2/16/2024,84,,32.7,13
1581,SIM_2024,5,2,5,PI297754,2/16/2024,74,,31.3,16
1582,SIM_2024,5,2,5,PI472327,2/16/2024,60,97,20.3,5.3
1583,SIM_2024,5,2,5,PI472119,2/16/2024,59,97,18.3,5
1584,SIM_2024,5,2,5,PI298923,2/16/2024,78,,20,14.7
1585,SIM_2024,5,2,5,ILL890,2/16/2024,70,108,21.3,9.7
1587,SIM_2024,5,2,5,PI300250,2/16/2024,70,97,16.7,5.7
1588,SIM_2024,5,2,5,PI329167,2/16/2024,70,108,26.7,14.3
1589,SIM_2024,5,2,5,W627782,2/16/2024,59,97,21.7,8.3
1590,SIM_2024,5,2,5,PI606570,2/16/2024,71,108,21,8.7
1591,SIM_2024,5,2,5,ILL5028,2/16/2024,70,108,25.3,10.7
1593,SIM_2024,5,2,5,PI432106,2/16/2024,77,,28.7,14.7
1594,SIM_2024,5,2,5,PI299351,2/16/2024,73,108,23.7,9.7
1595,SIM_2024,5,2,5,PI431768,2/16/2024,70,97,22.7,10
1596,SIM_2024,5,2,5,PI431753,2/16/2024,74,,17.3,11
1597,SIM_2024,5,2,5,ILL6644,2/16/2024,64,97,21.7,8
1598,SIM_2024,5,2,5,W627767,2/16/2024,70,97,19,6.7
1600,SIM_2024,5,2,5,PI297284,2/16/2024,75,,27,16.7
1601,SIM_2024,5,2,6,PI298645,2/16/2024,74,122,36,16.3
1602,SIM_2024,5,2,6,PI432005,2/16/2024,70,112,29,15.3
1603,SIM_2024,5,2,6,PI177442,2/16/2024,73,,24.7,9.3
1605,SIM_2024,5,2,6,PI533691,2/16/2024,77,120,37,14
1606,SIM_2024,5,2,6,PI431710,2/16/2024,73,,23.7,10.3
1608,SIM_2024,5,2,6,PI432028,2/16/2024,74,112,27.7,10.3
1609,SIM_2024,5,2,6,ILL1890,2/16/2024,78,,31.3,14
1610,SIM_2024,5,2,6,ILL211,2/16/2024,86,,21.3,12.3
1611,SIM_2024,5,2,6,PI297767,2/16/2024,80,,26.7,12
1612,SIM_2024,5,2,6,PI431613,2/16/2024,70,,28,15.3
1613,SIM_2024,5,2,6,PI468899,2/16/2024,75,,25.7,11.3
1614,SIM_2024,5,2,6,PI432145,2/16/2024,74,,29.3,15.3
1615,SIM_2024,5,2,6,ILL5261,2/16/2024,70,108,28,12.7
1617,SIM_2024,5,2,6,PI297787,2/16/2024,74,,37.7,14.3
1618,SIM_2024,5,2,6,ILL7012,2/16/2024,60,97,30.3,12
1619,SIM_2024,5,2,6,PI290716,2/16/2024,74,,28,12.3
1620,SIM_2024,5,2,6,PI283604,2/16/2024,74,,34.3,13.7
1622,SIM_2024,5,2,7,W627768,2/16/2024,64,97,27.3,12.3
1623,SIM_2024,5,2,7,PI426784,2/16/2024,59,101,24.3,8
1624,SIM_2024,5,2,7,ILL3517,2/16/2024,70,,32.7,12
1625,SIM_2024,5,2,7,ILL589,2/16/2024,75,,28.3,14.3
1626,SIM_2024,5,2,7,ILL7084,2/16/2024,70,101,21,10.7
1627,SIM_2024,5,2,7,PI299237,2/16/2024,66,,27,12.7
1629,SIM_2024,5,2,7,PI472339,2/16/2024,59,97,22,5
1630,SIM_2024,5,2,7,ILL918,2/16/2024,70,108,25.7,13.3
1631,SIM_2024,5,2,7,ILL5968,2/16/2024,70,,29.7,11.3
1632,SIM_2024,5,2,7,L24,2/16/2024,71,120,32.7,15.3
1633,SIM_2024,5,2,7,PI426202,2/16/2024,75,,31.7,11.7
1634,SIM_2024,5,2,7,PI432000,2/16/2024,88,,23.3,9.7
1635,SIM_2024,5,2,7,ILL4819,2/16/2024,68,97,25.7,13.7
1636,SIM_2024,5,2,7,ILL7090,2/16/2024,64,97,25.7,9.3
1637,SIM_2024,5,2,7,ILL435,2/16/2024,72,122,34,14.3
1638,SIM_2024,5,2,7,PI165586,2/16/2024,70,97,26,12.3
1639,SIM_2024,5,2,7,ILL312,2/16/2024,78,112,31.7,11.3
1640,SIM_2024,5,2,7,ILL4471,2/16/2024,74,,29.3,13.3
1641,SIM_2024,5,2,8,PI320953,2/16/2024,93,,25.3,11
1642,SIM_2024,5,2,8,ILL82,2/16/2024,59,101,22.3,10.3
1643,SIM_2024,5,2,8,PI379372,2/17/2024,78,,29.85,13.35
1644,SIM_2024,5,2,8,ILL1460,2/16/2024,62,,25.7,11.3
1645,SIM_2024,5,2,8,PI178939,2/16/2024,78,,41.7,18.3
1646,SIM_2024,5,2,8,PI299120,2/16/2024,70,108,33,14
1647,SIM_2024,5,2,8,ILL8614,2/16/2024,69,,26.7,11.3
1648,SIM_2024,5,2,8,PI178940,2/16/2024,76,,41.3,17.7
1649,SIM_2024,5,2,8,ILL86,2/16/2024,71,,32.3,14.3
1650,SIM_2024,5,2,8,PI211602,2/16/2024,74,,31.7,14
1651,SIM_2024,5,2,8,PI329157,2/16/2024,70,,29,13.3
1652,SIM_2024,5,2,8,PI244046,2/16/2024,70,108,30,19
1653,SIM_2024,5,2,8,PI468901,2/16/2024,74,,37.7,11.3
1654,SIM_2024,5,2,8,PI472535,2/16/2024,59,97,20,7.3
1655,SIM_2024,5,2,8,PI345627,2/16/2024,86,,38.7,16
1656,SIM_2024,5,2,8,ILL7727,2/16/2024,70,108,25,12
1657,SIM_2024,5,2,8,ILL4956,2/16/2024,70,101,28,10
1658,SIM_2024,5,2,8,PI472383,2/16/2024,59,97,19.7,7.3
1659,SIM_2024,5,2,8,ILL2297,2/16/2024,74,,32,14.3
1660,SIM_2024,5,2,8,ILL10690,2/16/2024,70,,27,7.7
1661,SIM_2024,5,2,9,PI343025,2/16/2024,60,,24,9
1662,SIM_2024,5,2,9,PI432201,2/16/2024,74,,42.3,21.3
1663,SIM_2024,5,2,9,PI289079,2/16/2024,74,,37.7,17
1664,SIM_2024,5,2,9,ILL5424,2/16/2024,72,,25,13.3
1665,SIM_2024,5,2,9,ILL507,2/16/2024,72,,27.7,16
1666,SIM_2024,5,2,9,ILL3487,2/16/2024,59,97,22.7,6.3
1667,SIM_2024,5,2,9,PI343026,2/16/2024,71,,37,16.3
1668,SIM_2024,5,2,9,PI298644,2/16/2024,73,,25,14
1669,SIM_2024,5,2,9,ILL5595,2/16/2024,59,97,22,10
1670,SIM_2024,5,2,9,PI432212,2/16/2024,74,,24,14.3
1671,SIM_2024,5,2,9,PI477921,2/16/2024,72,,35.7,18.3
1672,SIM_2024,5,2,9,PI472452,2/16/2024,59,97,21.7,7.7
1675,SIM_2024,5,2,9,ILL10826,2/16/2024,64,97,25.3,8.3
1677,SIM_2024,5,2,9,ILL10810,2/16/2024,60,97,25.7,15.3
1678,SIM_2024,5,2,9,PI432185,2/16/2024,70,,26.3,13.3
1679,SIM_2024,5,2,9,ILL5384,2/16/2024,70,108,22.7,12.3
1680,SIM_2024,5,2,9,ILL4164,2/16/2024,71,,24,12.7
1681,SIM_2024,5,2,10,ILL4900,2/16/2024,73,,18.3,11
1682,SIM_2024,5,2,10,PI320935,2/16/2024,71,,25,9.7
1684,SIM_2024,5,2,10,PI486128,2/16/2024,78,,32,14.3
1686,SIM_2024,5,2,10,ILL6528,2/16/2024,72,97,29.3,12
1687,SIM_2024,5,2,10,PI431739,2/16/2024,75,,19.3,10.7
1688,SIM_2024,5,2,10,PI320937,2/16/2024,85,,35.7,17.3
1689,SIM_2024,5,2,10,PI379368,2/16/2024,70,108,30.3,14.3
1691,SIM_2024,5,2,10,W627758,2/16/2024,70,,31,11.3
1693,SIM_2024,5,2,10,ILL6750,2/16/2024,70,97,26,11.3
1694,SIM_2024,5,2,10,ILL4804,2/16/2024,71,,19,7.3
1695,SIM_2024,5,2,10,PI518731,2/16/2024,78,,25.7,9.7
1696,SIM_2024,5,2,10,PI472632,2/16/2024,70,97,22,15
1697,SIM_2024,5,2,10,PI299164,2/16/2024,73,,20,12.3
1698,SIM_2024,5,2,10,W627781,2/16/2024,86,,24.7,15.7
1699,SIM_2024,5,2,10,W627763,2/16/2024,70,97,22.7,10.3
1700,SIM_2024,5,2,10,PI175754,2/16/2024,73,108,24.3,13
1701,SIM_2024,5,2,11,ILL4831,2/16/2024,59,97,22.7,10.7
1702,SIM_2024,5,2,11,ILL2684,2/16/2024,70,97,29,11.3
1703,SIM_2024,5,2,11,PI297772,2/16/2024,73,,29,13.7
1704,SIM_2024,5,2,11,PI431684,2/16/2024,78,,41.7,17.7
1706,SIM_2024,5,2,11,ILL353,2/16/2024,70,108,29.7,14.3
1707,SIM_2024,5,2,11,PI298357,2/16/2024,70,,32.7,13
1708,SIM_2024,5,2,11,ILL6406,2/16/2024,60,,31.3,20
1709,SIM_2024,5,2,11,ILL454,2/16/2024,78,,37.3,17.7
1710,SIM_2024,5,2,11,PI533693,2/16/2024,75,118,42,15.3
1711,SIM_2024,5,2,11,ILL4774,2/16/2024,70,112,28.7,17.7
1712,SIM_2024,5,2,11,PI212100,2/16/2024,71,112,35.3,14
1713,SIM_2024,5,2,11,ILL10947,2/16/2024,70,,26.7,6
1714,SIM_2024,5,2,11,PI289073,2/16/2024,76,118,34.3,13.7
1715,SIM_2024,5,2,11,ILL7108,2/16/2024,70,97,25,11.3
1716,SIM_2024,5,2,11,PI472354,2/16/2024,55,,20.7,8.7
1717,SIM_2024,5,2,11,PI431923,2/16/2024,74,,33.3,17
1718,SIM_2024,5,2,11,ILL4830,2/16/2024,59,97,17.7,6.3
1719,SIM_2024,5,2,11,ILL10865,2/16/2024,59,,23.7,9.7
1720,SIM_2024,5,2,11,ILL7070,2/16/2024,71,,28.3,14.7
1721,SIM_2024,5,2,12,ILL1922,2/16/2024,73,,36.3,15.3
1722,SIM_2024,5,2,12,PI370636,2/16/2024,72,,33,14
1723,SIM_2024,5,2,12,PI280686,2/16/2024,60,,24.7,10.7
1724,SIM_2024,5,2,12,PI476365,2/16/2024,86,,36.7,14.3
1725,SIM_2024,5,2,12,ILL4605,2/16/2024,59,97,29.7,13.3
1726,SIM_2024,5,2,12,PI472380,2/17/2024,59,96,24.8,7.2
1727,SIM_2024,5,2,12,PI472224,2/16/2024,59,97,25,7.3
1728,SIM_2024,5,2,12,ILL186,2/16/2024,85,,28.7,13.3
1729,SIM_2024,5,2,12,PI308614,2/16/2024,70,,27,14.7
1730,SIM_2024,5,2,12,PI320944,2/16/2024,73,,32.7,14.7
1731,SIM_2024,5,2,12,ILL6925,2/16/2024,59,,22,7
1732,SIM_2024,5,2,12,PI374120,2/16/2024,75,,33.3,15
1733,SIM_2024,5,2,12,ILL217,2/16/2024,78,,36,14.3
1734,SIM_2024,5,2,12,ILL2181,2/16/2024,75,118,38,15
1735,SIM_2024,5,2,12,PI472588,2/16/2024,70,112,24.7,11.3
1736,SIM_2024,5,2,12,ILL719,2/16/2024,74,118,39.3,14.3
1737,SIM_2024,5,2,12,PI432236,2/16/2024,78,,23,11
1738,SIM_2024,5,2,12,W627780,2/16/2024,59,97,25.7,9.7
1740,SIM_2024,5,2,12,PI238758,2/16/2024,75,,40,15.3
1741,SIM_2024,5,2,13,PI432085,2/16/2024,70,,30.7,13.3
1742,SIM_2024,5,2,13,PI431774,2/16/2024,60,97,31,10.3
1743,SIM_2024,5,2,13,PI472194,2/16/2024,59,97,24,6.3
1744,SIM_2024,5,2,13,PI431618,2/16/2024,70,101,31,15.7
1745,SIM_2024,5,2,13,PI358602,2/16/2024,84,120,36,19.3
1747,SIM_2024,5,2,13,ILL4782,2/16/2024,70,97,36.7,14.7
1748,SIM_2024,5,2,13,ILL7774,2/16/2024,59,97,19.7,6.3
1749,SIM_2024,5,2,13,ILL7978,2/16/2024,59,,30.3,12.7
1751,SIM_2024,5,2,13,PI472615,2/16/2024,60,108,29.3,14.3
1752,SIM_2024,5,2,13,PI431810,2/16/2024,70,,28,10
1753,SIM_2024,5,2,13,PI431675,2/16/2024,74,,31,12
1754,SIM_2024,5,2,13,ILL10864,2/16/2024,67,97,28.7,12
1755,SIM_2024,5,2,13,PI431656,2/16/2024,70,,32,16
1756,SIM_2024,5,2,13,PI472629,2/16/2024,70,108,32.7,17
1757,SIM_2024,5,2,13,PI193547,2/16/2024,77,108,30.3,13
1758,SIM_2024,5,2,13,PI432237,2/16/2024,70,,27.7,13
1759,SIM_2024,5,2,13,PI431728,2/16/2024,78,,40.3,19.7
1760,SIM_2024,5,2,13,PI420924,2/16/2024,71,108,28.7,16
1761,SIM_2024,5,2,14,PI451763,2/16/2024,75,,34,20
1762,SIM_2024,5,2,14,PI458503,2/16/2024,70,,30,12.3
1763,SIM_2024,5,2,14,PI289066,2/16/2024,73,,29.3,15.3
1765,SIM_2024,5,2,14,PI431873,2/16/2024,71,,28.7,14
1766,SIM_2024,5,2,14,W627762,2/17/2024,64.5,96,30,14.5
1767,SIM_2024,5,2,14,ILL7789,2/16/2024,70,,30.3,15
1768,SIM_2024,5,2,14,ILL5988,2/16/2024,67,108,30.7,19
1770,SIM_2024,5,2,14,PI251032,2/16/2024,70,,33.3,19
1771,SIM_2024,5,2,14,ILL600,2/16/2024,80,,41,22
1772,SIM_2024,5,2,14,PI431987,2/16/2024,70,,25.7,14
1774,SIM_2024,5,2,14,PI181886,2/16/2024,75,,22.3,13.7
1775,SIM_2024,5,2,14,PI420929,2/16/2024,70,97,26.3,12
1776,SIM_2024,5,2,14,PI374121,2/16/2024,71,,33.3,12
1778,SIM_2024,5,2,14,PI432147,2/16/2024,74,112,32.3,14.3
1779,SIM_2024,5,2,14,PI308611,2/16/2024,70,,22,9.3
1780,SIM_2024,5,2,14,PI299285,2/16/2024,79,,29,16.3
1781,SIM_2024,5,2,15,PI178971,2/16/2024,77,101,33.3,16.3
1782,SIM_2024,5,2,15,PI432271,2/16/2024,74,,44,19
1783,SIM_2024,5,2,15,PI339279,2/16/2024,60,97,26.3,9
1784,SIM_2024,5,2,15,ILL4875,2/16/2024,74,,36.3,19
1785,SIM_2024,5,2,15,PI431640,2/16/2024,70,108,26,11.7
1786,SIM_2024,5,2,15,PI429838,2/16/2024,72,,27.7,11.3
1787,SIM_2024,5,2,15,ILL6149,2/16/2024,73,108,22.3,10.3
1788,SIM_2024,5,2,15,PI432001,2/16/2024,59,97,18,7.3
1789,SIM_2024,5,2,15,ILL1649,2/16/2024,70,,29.7,14.3
1790,SIM_2024,5,2,15,PI431622,2/16/2024,77,97,28,12.7
1791,SIM_2024,5,2,15,PI472416,2/16/2024,59,97,23.7,9
1792,SIM_2024,5,2,15,PI431863,2/16/2024,74,108,31.3,21.3
1793,SIM_2024,5,2,15,ILL769,2/16/2024,70,,31.7,16
1795,SIM_2024,5,2,15,PI357225,2/16/2024,83,,32,14
1796,SIM_2024,5,2,15,ILL1924,2/16/2024,78,,27.3,14.3
1797,SIM_2024,5,2,15,PI435954,2/16/2024,70,97,23.7,12.3
1798,SIM_2024,5,2,15,PI472137,2/16/2024,59,91,21.3,7.7
1799,SIM_2024,5,2,15,PI311107,2/16/2024,75,,18,19
1800,SIM_2024,5,2,15,ILL344,2/16/2024,75,108,24.7,12.7
1801,SIM_2024,5,2,16,ILL2230,2/16/2024,72,112,26,12.3
1802,SIM_2024,5,2,16,ILL567,2/16/2024,70,,25,13.7
1803,SIM_2024,5,2,16,ILL1005,2/16/2024,66,101,27.3,12.3
1804,SIM_2024,5,2,16,W627761,2/16/2024,59,97,28.3,11
1805,SIM_2024,5,2,16,PI431888,2/16/2024,74,118,31,11.7
1806,SIM_2024,5,2,16,ILL5537,2/16/2024,70,112,25.3,8.3
1807,SIM_2024,5,2,16,PI432087,2/16/2024,70,101,20.3,8
1808,SIM_2024,5,2,16,PI471916,2/16/2024,72,118,36,15
1809,SIM_2024,5,2,16,ILL486,2/16/2024,59,97,26,12
1810,SIM_2024,5,2,16,PI289077,2/16/2024,64,108,22.3,9.7
1811,SIM_2024,5,2,16,ILL8006,2/16/2024,64,108,28,11
1812,SIM_2024,5,2,16,ILL610,2/16/2024,86,128,36.3,16.7
1813,SIM_2024,5,2,16,PI298631,2/16/2024,75,,33,13
1814,SIM_2024,5,2,16,ILL7981,2/16/2024,59,97,27.3,10
1815,SIM_2024,5,2,16,PI320936,2/16/2024,70,108,34,8.7
1816,SIM_2024,5,2,16,ILL5519,2/16/2024,72,,33.7,11.3
1817,SIM_2024,5,2,16,ILL1671,2/16/2024,82,120,32.7,18.7
1819,SIM_2024,5,2,16,PI289070,2/16/2024,91,,32,13.7
1820,SIM_2024,5,2,16,ILL8114,2/16/2024,60,97,30.3,12.3
1821,SIM_2024,5,2,17,ILL1940,2/16/2024,60,97,26.7,12.7
1822,SIM_2024,5,2,17,ILL1861,2/16/2024,60,97,28,11
1823,SIM_2024,5,2,17,ILL1220,2/16/2024,75,,24.7,10.7
1824,SIM_2024,5,2,17,PI472200,2/16/2024,60,97,18.3,6.3
1825,SIM_2024,5,2,17,ILL1959,2/16/2024,70,,24,13.7
1826,SIM_2024,5,2,17,ILL4915,2/16/2024,71,108,23.7,11.3
1827,SIM_2024,5,2,17,PI472126,2/16/2024,59,97,20,4.7
1828,SIM_2024,5,2,17,PI472195,2/16/2024,59,97,24.3,6.3
1829,SIM_2024,5,2,17,ILL6126,2/16/2024,73,,27.7,15
1830,SIM_2024,5,2,17,PI217949,2/16/2024,60,,24,7.7
1831,SIM_2024,5,2,17,ILL6415,2/16/2024,74,122,33.7,12.7
1832,SIM_2024,5,2,17,PI472320,2/16/2024,59,97,23.3,11.7
1833,SIM_2024,5,2,17,ILL341,2/16/2024,73,,25.7,11
1834,SIM_2024,5,2,17,PI298122,2/16/2024,74,118,30.7,14
1835,SIM_2024,5,2,17,PI207492,2/16/2024,74,118,27.3,12
1836,SIM_2024,5,2,17,PI518732,2/16/2024,84,120,30.7,12.3
1838,SIM_2024,5,2,17,ILL6001,2/16/2024,59,97,29,8
1839,SIM_2024,5,2,17,ILL7686,2/16/2024,70,108,26.7,11.7
1840,SIM_2024,5,2,17,PI329169,2/16/2024,70,112,27.7,9.7
1841,SIM_2024,5,2,18,PI472143,2/16/2024,75,118,37.7,15.3
1842,SIM_2024,5,2,18,PI431679,2/16/2024,86,,27.7,16
1843,SIM_2024,5,2,18,PI345638,2/16/2024,60,97,24.7,6.3
1844,SIM_2024,5,2,18,ILL5956,2/16/2024,59,97,25.7,10.7
1845,SIM_2024,5,2,18,ILL5645,2/16/2024,75,,36.3,11.3
1846,SIM_2024,5,2,18,PI577168,2/16/2024,70,114,22.7,9.7
1847,SIM_2024,5,2,18,PI468900,2/16/2024,74,121,40.7,13
1849,SIM_2024,5,2,18,W627765,2/16/2024,59,97,36.7,13.3
1850,SIM_2024,5,2,18,ILL1097,2/16/2024,72,,27,15
1852,SIM_2024,5,2,18,PI468902,2/16/2024,78,120,33.3,15
1853,SIM_2024,5,2,18,PI472136,2/16/2024,59,97,22,7.7
1855,SIM_2024,5,2,18,ILL5653,2/16/2024,60,,26.3,9
1856,SIM_2024,5,2,18,ILL5505,2/16/2024,70,108,26,11
1858,SIM_2024,5,2,18,PI472122,2/16/2024,59,97,23,8.7
1859,SIM_2024,5,2,18,ILL2406,2/16/2024,70,108,29,15.3
1860,SIM_2024,5,2,18,PI472590,2/16/2024,70,108,30.7,11
1861,SIM_2024,5,2,19,PI472372,2/17/2024,59,96,25.3,6.3
1862,SIM_2024,5,2,19,ILL508,2/17/2024,78,,36,16.7
1863,SIM_2024,5,2,19,PI229611,2/17/2024,59,96,24.3,7.7
1864,SIM_2024,5,2,19,PI420818,2/17/2024,77,,31,12
1866,SIM_2024,5,2,19,PI431714,2/17/2024,75,,25.3,10
1867,SIM_2024,5,2,19,PI299354,2/17/2024,73,,30.7,14
1868,SIM_2024,5,2,19,ILL4791,2/17/2024,70,107,23.7,11.7
1869,SIM_2024,5,2,19,PI431624,2/17/2024,74,111,27.7,12.7
1870,SIM_2024,5,2,19,PI432190,2/17/2024,75,,27.3,12
1871,SIM_2024,5,2,19,PI299371,2/17/2024,74,,36,12.7
1872,SIM_2024,5,2,19,PI431666,2/17/2024,79,,24.7,11
1873,SIM_2024,5,2,19,ILL5151,2/17/2024,70,96,21.3,10.7
1874,SIM_2024,5,2,19,PI299177,2/17/2024,74,,32,15.7
1875,SIM_2024,5,2,19,PI533688,2/17/2024,85,,25.15,12
1877,SIM_2024,5,2,19,PI211052,2/17/2024,80,,33.7,17.7
1878,SIM_2024,5,2,19,PI343023,2/17/2024,66,,24,12.3
1879,SIM_2024,5,2,19,ILL413,2/17/2024,90,,15,10
1880,SIM_2024,5,2,19,PI431705,2/17/2024,74,111,20.7,13
1881,SIM_2024,5,2,20,ILL10284,2/17/2024,71,,22,7.3
1882,SIM_2024,5,2,20,PI426778,2/17/2024,88,,16,12.3
1884,SIM_2024,5,2,20,ILL469,2/17/2024,74,,25.5,16.5
1885,SIM_2024,5,2,20,PI472175,2/17/2024,59,96,17,6.7
1886,SIM_2024,5,2,20,PI472562,2/17/2024,60,96,18,5.3
1887,SIM_2024,5,2,20,PI472488,2/17/2024,59,96,18,7.3
1888,SIM_2024,5,2,20,ILL858,2/17/2024,73,,33.3,14
1889,SIM_2024,5,2,20,PI431809,2/17/2024,70,107,25,12.3
1890,SIM_2024,5,2,20,ILL5509,2/17/2024,68,107,27,11.7
1891,SIM_2024,5,2,20,PI251784,2/17/2024,83,,31.7,13.7
1893,SIM_2024,5,2,20,PI273664,2/17/2024,61,,22.7,10.3
1895,SIM_2024,5,2,20,ILL4409,2/17/2024,73,,30,14.7
1896,SIM_2024,5,2,20,ILL2231,2/17/2024,73,107,30,11
1897,SIM_2024,5,2,20,PI339310,2/17/2024,70,107,22,11.3
1898,SIM_2024,5,2,20,ILL324,2/17/2024,,,25,11.7
1899,SIM_2024,5,2,20,PI374116,2/17/2024,,,22,11.7
1900,SIM_2024,5,2,20,PI472340,2/17/2024,59,96,20.3,6.7
1901,SIM_2024,5,2,21,PI533690,2/17/2024,74,117,25.3,13.3
1902,SIM_2024,5,2,21,PI329158,2/17/2024,74,,27,13
1903,SIM_2024,5,2,21,PI426803,2/17/2024,59,96,24.7,11.3
1904,SIM_2024,5,2,21,PI432124,2/17/2024,78,111,25.3,7.3
1906,SIM_2024,5,2,21,ILL1939,2/17/2024,69,100,33.3,13
1908,SIM_2024,5,2,21,W627760,2/17/2024,70,100,24.3,9.7
1909,SIM_2024,5,2,21,ILL5416,2/17/2024,77,,34.7,16
1910,SIM_2024,5,2,21,PI420925,2/17/2024,70,,20.7,8.7
1911,SIM_2024,5,2,21,PI431893,2/17/2024,75,,24,11
1912,SIM_2024,5,2,21,PI193548,2/17/2024,60,96,29.7,11.3
1913,SIM_2024,5,2,21,ILL4899,2/17/2024,75,,37.3,17
1914,SIM_2024,5,2,21,ILL6783,2/17/2024,70,,27.3,10.3
1915,SIM_2024,5,2,21,PI339292,2/17/2024,78,,25.3,12.3
1916,SIM_2024,5,2,21,PI431717,2/17/2024,74,111,23.7,9.7
1918,SIM_2024,5,2,21,PI370481,2/17/2024,74,,33.3,14.3
1919,SIM_2024,5,2,21,PI368651,2/17/2024,62,,32.7,9
1920,SIM_2024,5,2,21,PI431980,2/17/2024,70,,28.3,14.7
1921,SIM_2024,5,2,22,PI490289,2/17/2024,72,,32.7,15
1922,SIM_2024,5,2,22,ILL5553,2/17/2024,59,96,26.7,12
1923,SIM_2024,5,2,22,W627756,2/17/2024,92,,23.7,13
1924,SIM_2024,5,2,22,PI339285,2/17/2024,72,117,25,11.7
1925,SIM_2024,5,2,22,ILL6350,2/17/2024,59,96,21,5.3
1926,SIM_2024,5,2,22,ILL5533,2/17/2024,77,,27.7,12
1927,SIM_2024,5,2,22,W627766,2/17/2024,60,96,23.7,7
1928,SIM_2024,5,2,22,PI472484,2/17/2024,59,96,21.7,5.3
1929,SIM_2024,5,2,22,PI431633,2/17/2024,70,,30.3,12.7
1931,SIM_2024,5,2,22,ILL167,2/17/2024,71,,26.3,10
1932,SIM_2024,5,2,22,PI299117,2/17/2024,75,,25.7,11
1933,SIM_2024,5,2,22,PI432002,2/17/2024,89,,24,10.3
1934,SIM_2024,5,2,22,PI472561,2/17/2024,59,96,22,6.3
1935,SIM_2024,5,2,22,PI451766,2/17/2024,76,,29.3,14.7
1936,SIM_2024,5,2,22,ILL4345,2/17/2024,70,107,25,10
1937,SIM_2024,5,2,22,PI250156,2/17/2024,73,117,23.3,7
1938,SIM_2024,5,2,22,PI486127,2/17/2024,86,,37,18.7
1939,SIM_2024,5,2,22,PI431642,2/17/2024,70,107,29.3,12.7
1940,SIM_2024,5,2,22,PI289069,2/17/2024,72,120,25,10
1941,SIM_2024,5,2,23,ILL6870,2/17/2024,69,96,20,7.7
1942,SIM_2024,5,2,23,PI472569,2/17/2024,74,117,33.7,13.3
1943,SIM_2024,5,2,23,PI472205,2/17/2024,59,96,20,6
1945,SIM_2024,5,2,23,PI412922,2/17/2024,70,,28.3,14.3
1946,SIM_2024,5,2,23,PI320941,2/17/2024,86,,26,14
1949,SIM_2024,5,2,23,ILL7979,2/17/2024,59,96,19.7,6.3
1950,SIM_2024,5,2,23,PI429369,2/17/2024,70,107,27,11.3
1951,SIM_2024,5,2,23,ILL241,2/17/2024,75.5,,26.3,11.7
1952,SIM_2024,5,2,23,ILL8007,2/17/2024,59,96,15.7,4
1954,SIM_2024,5,2,23,ILL359,2/17/2024,75,,26.3,11.3
1957,SIM_2024,5,2,23,PI508090,2/17/2024,71,,33,13.3
1958,SIM_2024,5,2,23,PI298023,2/17/2024,88,,28,12
1959,SIM_2024,5,2,23,ILL358,2/17/2024,70,100,22,7.3
1961,SIM_2024,5,2,24,ILL6493,2/17/2024,66,,26.7,9.7
1962,SIM_2024,5,2,24,ILL537,2/17/2024,72,,22.7,10.3
1963,SIM_2024,5,2,24,PI250158,2/17/2024,59,96,18.7,6
1964,SIM_2024,5,2,24,PI472274,2/17/2024,59,96,20,6.3
1965,SIM_2024,5,2,24,PI298922,2/17/2024,74,,20.3,8.7
1966,SIM_2024,5,2,24,ILL6281,2/17/2024,64,100,22.7,9.3
1967,SIM_2024,5,2,24,ILL71,2/17/2024,75,,30.3,15
1968,SIM_2024,5,2,24,ILL6994,2/17/2024,62,96,25,7
1969,SIM_2024,5,2,24,PI174246,2/17/2024,71,107,22.3,13.3
1970,SIM_2024,5,2,24,ILL7745,2/17/2024,70,,23.3,10
1971,SIM_2024,5,2,24,PI251248,2/17/2024,59,100,16.3,7.3
1972,SIM_2024,5,2,24,PI320945,2/17/2024,77,,24.7,11.3
1973,SIM_2024,5,2,24,PI163589,2/17/2024,73,,21.7,8
1974,SIM_2024,5,2,24,PI472213,2/17/2024,70,,30,8.3
1976,SIM_2024,5,2,24,ILL956,2/17/2024,78,111,26.7,15
1977,SIM_2024,5,2,24,PI426807,2/17/2024,70,,24,9.7
1979,SIM_2024,5,2,24,PI472188,2/17/2024,60,96,23.7,8.3
1980,SIM_2024,5,2,24,ILL1474,2/17/2024,70,,23.7,14
1981,SIM_2024,5,2,25,ILL705,2/17/2024,83,,30,14.3
1982,SIM_2024,5,2,25,ILL840,2/17/2024,66,96,18.3,10
1983,SIM_2024,5,2,25,ILL906,2/17/2024,74,107,21.3,12
1984,SIM_2024,5,2,25,PI431731,2/17/2024,74,107,26.7,11.3
1986,SIM_2024,5,2,25,PI432286,2/17/2024,74,,23.7,12.3
1987,SIM_2024,5,2,25,ILL482,2/17/2024,73,107,30.3,14.3
1988,SIM_2024,5,2,25,PI297285,2/17/2024,74,,27.7,13.3
1989,SIM_2024,5,2,25,ILL440,2/17/2024,100,,25,11.7
1990,SIM_2024,5,2,25,PI432033,2/17/2024,72,107,28.3,10.3
1992,SIM_2024,5,2,25,PI431824,2/17/2024,70,,28.3,15.7
1993,SIM_2024,5,2,25,PI319367,2/17/2024,70,107,22.3,8
1994,SIM_2024,5,2,25,PI320952,2/17/2024,,,32.7,14
1995,SIM_2024,5,2,25,PI431756,2/17/2024,75,107,21,11.7
1996,SIM_2024,5,2,25,PI472316,2/17/2024,60,96,21.3,7.7
1997,SIM_2024,5,2,25,PI432245,2/17/2024,70,107,23,13.3
1998,SIM_2024,5,2,25,W627754,2/17/2024,86,,27.7,17
1999,SIM_2024,5,2,25,PI357226,2/17/2024,74,,27.3,14.7
